condition_code	condition	drug	is_control	samples	contexts_at_selected_threshold	selected
0	[('4EGI-1', 0.5, 'uM')]	4EGI-1	0	smp_1662	48	1
1	[('9-ING-41', 0.5, 'uM')]	9-ING-41	0	smp_1635	46	1
2	[('APTO-253', 0.5, 'uM')]	APTO-253	0	smp_1676	48	1
3	[('AT7519', 0.5, 'uM')]	AT7519	0	smp_1678	48	1
4	[('AZD1390', 0.5, 'uM')]	AZD1390	0	smp_1659	47	1
5	[('AZD2858', 0.5, 'uM')]	AZD2858	0	smp_1639	36	1
6	[('AZD-7648', 0.5, 'uM')]	AZD-7648	0	smp_1670	46	1
7	[('AZD-8055', 0.5, 'uM')]	AZD-8055	0	smp_1613	47	1
8	[('Abemaciclib', 0.5, 'uM')]	Abemaciclib	0	smp_1595	47	1
9	[('Adagrasib', 0.05, 'uM')]	Adagrasib	0	smp_1684	48	1
10	[('Afatinib', 0.5, 'uM')]	Afatinib	0	smp_1626	47	1
11	[('Alpelisib', 0.5, 'uM')]	Alpelisib	0	smp_1600	47	1
12	[('Anastrozole', 0.5, 'uM')]	Anastrozole	0	smp_1683	48	1
13	[('BAY1125976', 0.5, 'uM')]	BAY1125976	0	smp_1634	46	1
14	[('BI-78D3', 0.5, 'uM')]	BI-78D3	0	smp_1617	47	1
15	[('BI-3406', 0.5, 'uM')]	BI-3406	0	smp_1612	47	1
16	[('Belumosudil (mesylate)', 0.5, 'uM')]	Belumosudil (mesylate)	0	smp_1653	47	1
17	[('Belzutifan', 0.5, 'uM')]	Belzutifan	0	smp_1654	47	1
18	[('Bentamapimod', 0.5, 'uM')]	Bentamapimod	0	smp_1620	47	1
19	[('Bimiralisib', 0.5, 'uM')]	Bimiralisib	0	smp_1637	46	1
20	[('Binimetinib', 0.5, 'uM')]	Binimetinib	0	smp_1614	47	1
21	[('Bortezomib', 0.5, 'uM')]	Bortezomib	0	smp_1651	47	1
22	[('Brivudine', 0.5, 'uM')]	Brivudine	0	smp_1619	48	1
23	[('CP21R7', 0.5, 'uM')]	CP21R7	0	smp_1650	47	1
24	[('Capivasertib', 0.5, 'uM')]	Capivasertib	0	smp_1596	48	1
25	[('Capmatinib', 0.5, 'uM')]	Capmatinib	0	smp_1607	47	1
26	[('Celecoxib', 0.5, 'uM')]	Celecoxib	0	smp_1673	47	1
27	[('DMSO_TF', 0.0, 'uM')]	DMSO_TF	1	smp_1685;smp_1686	48	1
28	[('DT-061', 0.5, 'uM')]	DT-061	0	smp_1669	48	1
29	[('DTP3', 0.5, 'uM')]	DTP3	0	smp_1666	48	1
30	[('Dabrafenib', 0.5, 'uM')]	Dabrafenib	0	smp_1621	47	1
31	[('ERK5-IN-2', 0.5, 'uM')]	ERK5-IN-2	0	smp_1629	46	1
32	[('ETC-206', 0.5, 'uM')]	ETC-206	0	smp_1679	48	1
33	[('EX229', 0.5, 'uM')]	EX229	0	smp_1645	48	1
34	[('Elimusertib hydrochloride', 0.5, 'uM')]	Elimusertib hydrochloride	0	smp_1658	48	1
37	[('Everolimus', 0.5, 'uM')]	Everolimus	0	smp_1593;smp_1647	48	1
38	[('Futibatinib', 0.5, 'uM')]	Futibatinib	0	smp_1655	48	1
39	[('GSK1059615', 0.5, 'uM')]	GSK1059615	0	smp_1638	46	1
40	[('Gemcitabine', 0.5, 'uM')]	Gemcitabine	0	smp_1597;smp_1671	48	1
41	[('HI-TOPK-032', 0.5, 'uM')]	HI-TOPK-032	0	smp_1675	48	1
42	[('Hydroxyfasudil', 0.5, 'uM')]	Hydroxyfasudil	0	smp_1652	47	1
43	[('IQ 1', 0.5, 'uM')]	IQ 1	0	smp_1649	47	1
44	[('Infigratinib', 0.5, 'uM')]	Infigratinib	0	smp_1591	47	1
45	[('Ipatasertib', 0.5, 'uM')]	Ipatasertib	0	smp_1632	45	1
46	[('Irinotecan', 0.5, 'uM')]	Irinotecan	0	smp_1598	47	1
47	[('Ixazomib', 0.5, 'uM')]	Ixazomib	0	smp_1665	47	1
48	[('LB-100', 0.5, 'uM')]	LB-100	0	smp_1677	48	1
49	[('LJI308', 0.5, 'uM')]	LJI308	0	smp_1642	46	1
50	[('LY2090314', 0.5, 'uM')]	LY2090314	0	smp_1680	48	1
51	[('LY-2584702 (tosylate salt)', 0.5, 'uM')]	LY-2584702 (tosylate salt)	0	smp_1643	45	1
52	[('Lapatinib ditosylate', 0.5, 'uM')]	Lapatinib ditosylate	0	smp_1601	47	1
53	[('Lonafarnib', 0.5, 'uM')]	Lonafarnib	0	smp_1603	47	1
54	[('MK-3903', 0.5, 'uM')]	MK-3903	0	smp_1646	47	1
55	[('MK-8353', 0.5, 'uM')]	MK-8353	0	smp_1608	47	1
56	[('ML264', 0.5, 'uM')]	ML264	0	smp_1616	47	1
57	[('Methylprednisolone succinate', 0.5, 'uM')]	Methylprednisolone succinate	0	smp_1672	45	1
58	[('Minodronic acid', 0.5, 'uM')]	Minodronic acid	0	smp_1682	48	1
59	[('NG25', 0.5, 'uM')]	NG25	0	smp_1668	47	1
60	[('NVP-BHG712', 0.5, 'uM')]	NVP-BHG712	0	smp_1627	47	1
61	[('OTS514', 0.5, 'uM')]	OTS514	0	smp_1667	48	1
62	[('Oleic acid', 0.5, 'uM')]	Oleic acid	0	smp_1681	48	1
63	[('Oxaliplatin', 0.5, 'uM')]	Oxaliplatin	0	smp_1599	48	1
64	[('PF-06260933', 0.5, 'uM')]	PF-06260933	0	smp_1640	47	1
65	[('PH-797804', 0.5, 'uM')]	PH-797804	0	smp_1630	45	1
66	[('Paclitaxel', 0.5, 'uM')]	Paclitaxel	0	smp_1623	48	1
68	[('Pimitespib', 0.5, 'uM')]	Pimitespib	0	smp_1663	47	1
69	[('Pralsetinib', 0.5, 'uM')]	Pralsetinib	0	smp_1656	47	1
70	[('RMC-6236', 0.5, 'uM')]	RMC-6236	0	smp_1624	47	1
71	[('Ralimetinib dimesylate', 0.5, 'uM')]	Ralimetinib dimesylate	0	smp_1628	47	1
72	[('Regorafenib', 0.5, 'uM')]	Regorafenib	0	smp_1609	48	1
74	[('Sapanisertib', 0.5, 'uM')]	Sapanisertib	0	smp_1633	48	1
75	[('Sonidegib', 0.5, 'uM')]	Sonidegib	0	smp_1644	46	1
76	[('TAK-733', 0.5, 'uM')]	TAK-733	0	smp_1657	47	1
77	[('TAK-901', 0.5, 'uM')]	TAK-901	0	smp_1631	46	1
78	[('Temuterkib', 0.5, 'uM')]	Temuterkib	0	smp_1615	47	1
79	[('Tomivosertib', 0.5, 'uM')]	Tomivosertib	0	smp_1618	47	1
80	[('Torkinib', 0.5, 'uM')]	Torkinib	0	smp_1661	48	1
81	[('Trametinib', 0.5, 'uM')]	Trametinib	0	smp_1625	47	1
82	[('Tubulin inhibitor 6', 0.5, 'uM')]	Tubulin inhibitor 6	0	smp_1660	48	1
83	[('Tucatinib', 0.5, 'uM')]	Tucatinib	0	smp_1610	47	1
84	[('ULK-101', 0.5, 'uM')]	ULK-101	0	smp_1648	47	1
85	[('Vemurafenib', 0.5, 'uM')]	Vemurafenib	0	smp_1611	48	1
86	[('Volasertib', 0.5, 'uM')]	Volasertib	0	smp_1604	47	1
87	[('XRK3F2', 0.5, 'uM')]	XRK3F2	0	smp_1636	44	1
88	[('c-Kit-IN-1', 0.5, 'uM')]	c-Kit-IN-1	0	smp_1605	47	1
89	[('olaparib', 0.5, 'uM')]	olaparib	0	smp_1664	48	1
90	[('palbociclib', 0.5, 'uM')]	palbociclib	0	smp_1602	47	1
91	[('venetoclax', 0.5, 'uM')]	venetoclax	0	smp_1606	47	1
92	[('vincristine', 0.5, 'uM')]	vincristine	0	smp_1674	45	1
