dataset,base,context,target,split,n0,k,evid_loo,evid_insample,evid_shared,true_gain
sciplex3,pooled_B,MCF7,Givinostat,0,2662,5,0.18139582553555725,0.30059585153978946,0.31832793898654554,0.3261540292961276
sciplex3,pooled_B,MCF7,Alvespimycin,0,2662,5,0.18139582553555725,0.30059585153978946,0.31832793898654554,0.2962640958448024
sciplex3,pooled_B,MCF7,Hesperadin,0,2662,5,0.18139582553555725,0.30059585153978946,0.31832793898654554,0.2301958282590899
sciplex3,pooled_B,MCF7,Quisinostat,0,2662,5,0.18139582553555725,0.30059585153978946,0.31832793898654554,0.19916505593329317
sciplex3,pooled_B,MCF7,TAK901,1,2662,5,0.22847222772661646,0.3121573932108995,0.3209594884784581,-0.009562313921331195
sciplex3,pooled_B,MCF7,Belinostat,1,2662,5,0.22847222772661646,0.3121573932108995,0.3209594884784581,0.39019834613444926
sciplex3,pooled_B,MCF7,Alvespimycin,1,2662,5,0.22847222772661646,0.3121573932108995,0.3209594884784581,0.17489433994256387
sciplex3,pooled_B,MCF7,Tanespimycin,1,2662,5,0.22847222772661646,0.3121573932108995,0.3209594884784581,0.1318487151144937
sciplex3,pooled_B,MCF7,Givinostat,2,2662,5,0.203873331525887,0.28636392708175856,0.29653967326296815,0.36767196479704367
sciplex3,pooled_B,MCF7,Alvespimycin,2,2662,5,0.203873331525887,0.28636392708175856,0.29653967326296815,0.24688668102647887
sciplex3,pooled_B,MCF7,Flavopiridol,2,2662,5,0.203873331525887,0.28636392708175856,0.29653967326296815,0.15250482568273954
sciplex3,pooled_B,MCF7,Hesperadin,2,2662,5,0.203873331525887,0.28636392708175856,0.29653967326296815,0.10882366152293117
sciplex3,pooled_B,K562,TAK901,0,1752,5,0.2185582490113449,0.35270341332605337,0.3841743751734983,0.23254654078587406
sciplex3,pooled_B,K562,Flavopiridol,0,1752,5,0.2185582490113449,0.35270341332605337,0.3841743751734983,0.10091007105159598
sciplex3,pooled_B,K562,Tanespimycin,0,1752,5,0.2185582490113449,0.35270341332605337,0.3841743751734983,0.35978165727265254
sciplex3,pooled_B,K562,Quisinostat,0,1752,5,0.2185582490113449,0.35270341332605337,0.3841743751734983,0.2298235260453331
sciplex3,pooled_B,K562,Belinostat,1,1752,5,0.28025625302839224,0.42177488249766065,0.45860345880974973,0.27541851721143695
sciplex3,pooled_B,K562,Givinostat,1,1752,5,0.28025625302839224,0.42177488249766065,0.45860345880974973,0.2747696655946788
sciplex3,pooled_B,K562,Hesperadin,1,1752,5,0.28025625302839224,0.42177488249766065,0.45860345880974973,-0.011492308033986098
sciplex3,pooled_B,K562,Quisinostat,1,1752,5,0.28025625302839224,0.42177488249766065,0.45860345880974973,0.1831685270808494
sciplex3,pooled_B,K562,Dacinostat,2,1752,5,0.2813929305076689,0.4273986412490644,0.4762171878617606,0.13666290984043464
sciplex3,pooled_B,K562,Belinostat,2,1752,5,0.2813929305076689,0.4273986412490644,0.4762171878617606,0.17728907651280698
sciplex3,pooled_B,K562,Hesperadin,2,1752,5,0.2813929305076689,0.4273986412490644,0.4762171878617606,0.06939928018705496
sciplex3,pooled_B,K562,Quisinostat,2,1752,5,0.2813929305076689,0.4273986412490644,0.4762171878617606,0.08933514189170041
sciplex3,pooled_B,A549,Belinostat,0,1019,5,0.09789742999358292,0.2763225893137378,0.33937799471790375,0.226282927717749
sciplex3,pooled_B,A549,Givinostat,0,1019,5,0.09789742999358292,0.2763225893137378,0.33937799471790375,0.20540737983377536
sciplex3,pooled_B,A549,Hesperadin,0,1019,5,0.09789742999358292,0.2763225893137378,0.33937799471790375,0.12360834812011182
sciplex3,pooled_B,A549,Quisinostat,0,1019,5,0.09789742999358292,0.2763225893137378,0.33937799471790375,0.1475701014424339
sciplex3,pooled_B,A549,Dacinostat,1,1019,5,0.13132021096402965,0.25555418531202767,0.28862880530791024,0.3984157958214257
sciplex3,pooled_B,A549,Flavopiridol,1,1019,5,0.13132021096402965,0.25555418531202767,0.28862880530791024,0.060708619802313124
sciplex3,pooled_B,A549,Hesperadin,1,1019,5,0.13132021096402965,0.25555418531202767,0.28862880530791024,0.015794115877760834
sciplex3,pooled_B,A549,Tanespimycin,1,1019,5,0.13132021096402965,0.25555418531202767,0.28862880530791024,0.10926636849624197
sciplex3,pooled_B,A549,TAK901,2,1019,5,0.18887550840773581,0.30463368178202677,0.34202312704416316,-0.0354389301524793
sciplex3,pooled_B,A549,Alvespimycin,2,1019,5,0.18887550840773581,0.30463368178202677,0.34202312704416316,0.13591982236681477
sciplex3,pooled_B,A549,Flavopiridol,2,1019,5,0.18887550840773581,0.30463368178202677,0.34202312704416316,0.07762194037254179
sciplex3,pooled_B,A549,Quisinostat,2,1019,5,0.18887550840773581,0.30463368178202677,0.34202312704416316,0.24573470209176584
KaggleCrossCell,pooled_B,CD4,MLN,0,3637,5,-0.0934359560859451,-0.036463863307020845,-0.013298521846372768,0.03910297066639362
KaggleCrossCell,pooled_B,CD4,CHIR99021,0,3637,5,-0.0934359560859451,-0.036463863307020845,-0.013298521846372768,-0.08044988258236341
KaggleCrossCell,pooled_B,CD4,Linagliptin,0,3637,5,-0.0934359560859451,-0.036463863307020845,-0.013298521846372768,-0.30217344003072705
KaggleCrossCell,pooled_B,CD4,Penfluridol,0,3637,5,-0.0934359560859451,-0.036463863307020845,-0.013298521846372768,-0.18714155822997666
KaggleCrossCell,pooled_B,CD4,AT13387,0,3637,5,-0.0934359560859451,-0.036463863307020845,-0.013298521846372768,0.10509219939553899
KaggleCrossCell,pooled_B,CD4,LDN,1,3637,5,-0.010752300603772896,0.03333455750398576,0.04158651102027029,-0.11143622207784896
KaggleCrossCell,pooled_B,CD4,CHIR99021,1,3637,5,-0.010752300603772896,0.03333455750398576,0.04158651102027029,-0.16991679688838257
KaggleCrossCell,pooled_B,CD4,Oprozomib,1,3637,5,-0.010752300603772896,0.03333455750398576,0.04158651102027029,-0.014588445375708858
KaggleCrossCell,pooled_B,CD4,Linagliptin,1,3637,5,-0.010752300603772896,0.03333455750398576,0.04158651102027029,-0.37698441345656364
KaggleCrossCell,pooled_B,CD4,Penfluridol,1,3637,5,-0.010752300603772896,0.03333455750398576,0.04158651102027029,-0.2500957438132658
KaggleCrossCell,pooled_B,CD4,Palbociclib,2,3637,5,-0.06606562225494914,-0.012772309216515301,0.012674413379490879,-0.3205800175233606
KaggleCrossCell,pooled_B,CD4,CEP18770,2,3637,5,-0.06606562225494914,-0.012772309216515301,0.012674413379490879,0.03829146477999218
KaggleCrossCell,pooled_B,CD4,CHIR99021,2,3637,5,-0.06606562225494914,-0.012772309216515301,0.012674413379490879,-0.09323776299398062
KaggleCrossCell,pooled_B,CD4,Ganetespib,2,3637,5,-0.06606562225494914,-0.012772309216515301,0.012674413379490879,0.10316588854190106
KaggleCrossCell,pooled_B,CD4,Linagliptin,2,3637,5,-0.06606562225494914,-0.012772309216515301,0.012674413379490879,-0.31223396490558925
KaggleCrossCell,pooled_B,Myeloid,LDN,0,2076,4,-0.326699547206883,-0.1344015681703346,0.3536860597980842,-0.2763674325819425
KaggleCrossCell,pooled_B,Myeloid,CHIR99021,1,2076,4,-0.3954193465678866,-0.2161369716186387,0.4072264098004351,-0.16003201333858075
KaggleCrossCell,pooled_B,Myeloid,Penfluridol,2,2076,4,-0.22677203757899048,-0.0485246600571891,0.42295012918679653,-0.4758717026288055
KaggleCrossCell,pooled_B,NK,Ganetespib,0,996,5,-0.19661155882137815,-0.03857146921593375,0.09868634829894277,0.14021912525458824
KaggleCrossCell,pooled_B,NK,AT13387,1,996,5,-0.2020630890184866,-0.04499015027150115,0.094426777686591,0.14223019594128145
KaggleCrossCell,pooled_B,NK,Linagliptin,2,996,5,-0.1288216433529718,-0.05346563377037141,0.14034324774009443,-0.3241231723703201
McFarland,pooled_B,TEN,Taselisib,0,225,5,-0.030847371756090855,0.05336360324426764,0.1388626463971262,0.02228066760974845
McFarland,pooled_B,TEN,Idasanutlin,0,225,5,-0.030847371756090855,0.05336360324426764,0.1388626463971262,-0.34652713161360094
McFarland,pooled_B,TEN,Trametinib,0,225,5,-0.030847371756090855,0.05336360324426764,0.1388626463971262,-0.23831198527022598
McFarland,pooled_B,TEN,Dabrafenib,0,225,5,-0.030847371756090855,0.05336360324426764,0.1388626463971262,-0.15669991940734754
McFarland,pooled_B,TEN,Gemcitabine,0,225,5,-0.030847371756090855,0.05336360324426764,0.1388626463971262,0.07504227376134709
McFarland,pooled_B,TEN,JQ1,0,225,5,-0.030847371756090855,0.05336360324426764,0.1388626463971262,0.05423795412785737
McFarland,pooled_B,TEN,Taselisib,1,225,5,-0.15160586987349278,-0.05882057374694241,0.15602801149024437,0.01629643653931878
McFarland,pooled_B,TEN,Bortezomib,1,225,5,-0.15160586987349278,-0.05882057374694241,0.15602801149024437,-0.020365385211042975
McFarland,pooled_B,TEN,Afatinib,1,225,5,-0.15160586987349278,-0.05882057374694241,0.15602801149024437,0.032896490797191646
McFarland,pooled_B,TEN,Dabrafenib,1,225,5,-0.15160586987349278,-0.05882057374694241,0.15602801149024437,-0.11369812310646635
McFarland,pooled_B,TEN,Gemcitabine,1,225,5,-0.15160586987349278,-0.05882057374694241,0.15602801149024437,0.051537360378879016
McFarland,pooled_B,TEN,JQ1,1,225,5,-0.15160586987349278,-0.05882057374694241,0.15602801149024437,0.037887468177065675
McFarland,pooled_B,TEN,Taselisib,2,225,5,-0.07486840206095212,0.01365939180792155,0.19875989248631715,-0.007255807447379248
McFarland,pooled_B,TEN,Everolimus,2,225,5,-0.07486840206095212,0.01365939180792155,0.19875989248631715,0.023106136955358736
McFarland,pooled_B,TEN,Idasanutlin,2,225,5,-0.07486840206095212,0.01365939180792155,0.19875989248631715,-0.4330882736178826
McFarland,pooled_B,TEN,Bortezomib,2,225,5,-0.07486840206095212,0.01365939180792155,0.19875989248631715,-0.07075980018893874
McFarland,pooled_B,TEN,JQ1,2,225,5,-0.07486840206095212,0.01365939180792155,0.19875989248631715,0.018994210922329557
McFarland,pooled_B,TEN,Prexasertib,2,225,5,-0.07486840206095212,0.01365939180792155,0.19875989248631715,0.024263634323727468
McFarland,pooled_B,RCC10RGB,Everolimus,0,245,5,-0.09067428922432963,0.040045503820252404,0.16267180013033447,0.011122748542701899
McFarland,pooled_B,RCC10RGB,Afatinib,0,245,5,-0.09067428922432963,0.040045503820252404,0.16267180013033447,0.001334806652115772
McFarland,pooled_B,RCC10RGB,Trametinib,0,245,5,-0.09067428922432963,0.040045503820252404,0.16267180013033447,-0.23861244955034117
McFarland,pooled_B,RCC10RGB,Dabrafenib,0,245,5,-0.09067428922432963,0.040045503820252404,0.16267180013033447,-0.09231551369414742
McFarland,pooled_B,RCC10RGB,JQ1,0,245,5,-0.09067428922432963,0.040045503820252404,0.16267180013033447,0.01703271496558123
McFarland,pooled_B,RCC10RGB,Everolimus,1,245,5,-0.02911303532043775,0.05771541299604098,0.15184784327782921,0.028757206210016484
McFarland,pooled_B,RCC10RGB,Idasanutlin,1,245,5,-0.02911303532043775,0.05771541299604098,0.15184784327782921,-0.3196790492967262
McFarland,pooled_B,RCC10RGB,Trametinib,1,245,5,-0.02911303532043775,0.05771541299604098,0.15184784327782921,-0.4037488986165517
McFarland,pooled_B,RCC10RGB,Dabrafenib,1,245,5,-0.02911303532043775,0.05771541299604098,0.15184784327782921,-0.10611343171959746
McFarland,pooled_B,RCC10RGB,Prexasertib,1,245,5,-0.02911303532043775,0.05771541299604098,0.15184784327782921,0.03643976291496498
McFarland,pooled_B,RCC10RGB,Navitoclax,2,245,5,-0.004828265602918269,0.09641833595928975,0.17181827719780193,-0.2465258035318941
McFarland,pooled_B,RCC10RGB,Taselisib,2,245,5,-0.004828265602918269,0.09641833595928975,0.17181827719780193,-0.030815218842262404
McFarland,pooled_B,RCC10RGB,Afatinib,2,245,5,-0.004828265602918269,0.09641833595928975,0.17181827719780193,-0.03484752765164684
McFarland,pooled_B,RCC10RGB,Trametinib,2,245,5,-0.004828265602918269,0.09641833595928975,0.17181827719780193,-0.19626926933227523
McFarland,pooled_B,RCC10RGB,Dabrafenib,2,245,5,-0.004828265602918269,0.09641833595928975,0.17181827719780193,-0.13442181008799903
McFarland,pooled_B,COLO680N,Navitoclax,0,248,5,-0.1509716199641465,-0.08143213321581277,0.16301709456805946,-0.35465697244242905
McFarland,pooled_B,COLO680N,Afatinib,0,248,5,-0.1509716199641465,-0.08143213321581277,0.16301709456805946,-0.01657465642547068
McFarland,pooled_B,COLO680N,Dabrafenib,0,248,5,-0.1509716199641465,-0.08143213321581277,0.16301709456805946,-0.3436093494784146
McFarland,pooled_B,COLO680N,Gemcitabine,0,248,5,-0.1509716199641465,-0.08143213321581277,0.16301709456805946,-0.023691447165806956
McFarland,pooled_B,COLO680N,JQ1,0,248,5,-0.1509716199641465,-0.08143213321581277,0.16301709456805946,-0.011476988390287768
McFarland,pooled_B,COLO680N,Prexasertib,0,248,5,-0.1509716199641465,-0.08143213321581277,0.16301709456805946,-0.02098367568380005
McFarland,pooled_B,COLO680N,Taselisib,1,248,5,-0.22932077316407373,-0.1685694235512586,0.20739051157992403,-0.02084896245403084
McFarland,pooled_B,COLO680N,Bortezomib,1,248,5,-0.22932077316407373,-0.1685694235512586,0.20739051157992403,-0.05154058347799867
McFarland,pooled_B,COLO680N,Afatinib,1,248,5,-0.22932077316407373,-0.1685694235512586,0.20739051157992403,-0.004870186391538134
McFarland,pooled_B,COLO680N,Dabrafenib,1,248,5,-0.22932077316407373,-0.1685694235512586,0.20739051157992403,-0.3244473438119919
McFarland,pooled_B,COLO680N,Gemcitabine,1,248,5,-0.22932077316407373,-0.1685694235512586,0.20739051157992403,-0.03092632602488904
McFarland,pooled_B,COLO680N,JQ1,1,248,5,-0.22932077316407373,-0.1685694235512586,0.20739051157992403,-0.013195863774213945
McFarland,pooled_B,COLO680N,Taselisib,2,248,5,-0.19829353812712724,-0.12576265060797692,0.20797655386800945,-0.003270611005252555
McFarland,pooled_B,COLO680N,Everolimus,2,248,5,-0.19829353812712724,-0.12576265060797692,0.20797655386800945,-0.026560216587225238
McFarland,pooled_B,COLO680N,Idasanutlin,2,248,5,-0.19829353812712724,-0.12576265060797692,0.20797655386800945,-0.4773801458747542
McFarland,pooled_B,COLO680N,Bortezomib,2,248,5,-0.19829353812712724,-0.12576265060797692,0.20797655386800945,-0.06295517286047614
McFarland,pooled_B,COLO680N,JQ1,2,248,5,-0.19829353812712724,-0.12576265060797692,0.20797655386800945,0.0019443516250317039
McFarland,pooled_B,COLO680N,Prexasertib,2,248,5,-0.19829353812712724,-0.12576265060797692,0.20797655386800945,-0.01922405917002601
McFarland,pooled_B,BICR31,Everolimus,0,274,5,-0.11419924785910499,-0.056438532276034764,0.1281990269693095,0.006520298927098767
McFarland,pooled_B,BICR31,Afatinib,0,274,5,-0.11419924785910499,-0.056438532276034764,0.1281990269693095,0.007666104339165647
McFarland,pooled_B,BICR31,Bortezomib,1,274,5,-0.126271849936546,-0.06229298224473408,0.1350654542339954,-0.015719802892231516
McFarland,pooled_B,BICR31,JQ1,1,274,5,-0.126271849936546,-0.06229298224473408,0.1350654542339954,0.03617778004480471
McFarland,pooled_B,BICR31,Idasanutlin,2,274,5,-0.02963605930099702,0.033573483826589354,0.11254412384853746,-0.39373527865020896
McFarland,pooled_B,BICR31,Afatinib,2,274,5,-0.02963605930099702,0.033573483826589354,0.11254412384853746,0.030450988354177477
McFarland,pooled_B,SKMEL2,Idasanutlin,0,72,2,-0.1613036037257919,0.029388640681145703,0.24792659969975828,-0.2527643261413733
McFarland,pooled_B,SKMEL2,Idasanutlin,1,72,2,-0.16022788974552754,0.03356272579055354,0.24228431826035843,-0.2455740917750634
McFarland,pooled_B,SKMEL2,Bortezomib,2,72,2,-0.24288427408297245,-0.08334003063467547,0.4825188401243465,-0.045602469864966966
Haber,pooled_B,Enterocyte_Progenitor,Hpoly_Day10,0,221,2,-0.11946294407965939,0.029344261911425473,0.17370399353400914,-0.013559583172600143
Haber,pooled_B,Enterocyte_Progenitor,Hpoly_Day3,1,221,2,-0.04104077869859085,0.0440507468022964,0.10318691478933775,-0.05315506389753366
Haber,pooled_B,Enterocyte_Progenitor,Hpoly_Day3,2,221,2,-0.04200545050655674,0.044188922965600175,0.10227016739816921,-0.05716611990261311
Haber,pooled_B,Stem,Hpoly_Day3,0,300,2,-0.018345893775003813,0.0613658336175851,0.1542705413882779,-0.11427519878865783
Haber,pooled_B,Stem,Salmonella,1,300,2,-0.09261969416751417,0.019766861339420988,0.19966906819700042,-0.020918650618206802
Haber,pooled_B,Stem,Salmonella,2,300,2,-0.09772888152072065,0.015033581826673553,0.19877407806046957,-0.024943339249412055
Haber,pooled_B,TA_Early,Hpoly_Day10,0,387,2,-0.12056946477526159,-0.008595115928243469,0.16584378440481126,-0.042224677065177074
Haber,pooled_B,TA_Early,Salmonella,1,387,2,-0.09548048100741136,-0.006054407032557024,0.16359060638306885,-0.033723144337764965
Haber,pooled_B,TA_Early,Hpoly_Day10,2,387,2,-0.12101699949119937,-0.009194649530028298,0.16615205594109206,-0.04277151728041784
Haber,pooled_B,TA,Hpoly_Day3,0,166,2,-0.11222138472790905,-0.012233717539846145,0.12009379625975974,-0.17834488198441256
Haber,pooled_B,TA,Salmonella,1,166,2,-0.16647144021217625,-0.03907424165694187,0.19883051523625914,-0.08482580228343645
Haber,pooled_B,TA,Hpoly_Day10,2,166,2,-0.18579992367281672,-0.04846447110502247,0.2232563240432411,-0.10533556697333074
Haber,pooled_B,Tuft,Hpoly_Day10,0,27,2,-0.2473452302683271,0.007225101156709324,0.3914565891990602,-0.18296461421365204
Haber,pooled_B,Tuft,Hpoly_Day3,1,27,2,-0.20424568797760845,-0.017399818731143865,0.3545839048968915,-0.28025008707834853
Haber,pooled_B,Tuft,Salmonella,2,27,2,-0.2683300179290219,-0.05791811352949108,0.41718780693754,-0.18267574336036485
Haber,pooled_B,Enterocyte,Hpoly_Day3,0,203,2,-0.003244676200888086,0.15747450542525196,0.23006832400797333,0.0654205042539536
Haber,pooled_B,Enterocyte,Hpoly_Day10,1,203,2,0.020128086638801987,0.1820144628390133,0.3070287684755233,0.035859280755674294
Haber,pooled_B,Enterocyte,Hpoly_Day10,2,203,2,0.01929004742436166,0.178938984324287,0.3091133655076085,0.03279202269390735
Haber,pooled_B,Goblet,Salmonella,0,92,2,-0.17263029792311496,0.026779511772989595,0.2699866015344608,-0.08460264492297054
Haber,pooled_B,Goblet,Hpoly_Day10,1,92,2,-0.17432845336850505,0.021557161215145143,0.2522748416016183,-0.06438445961752431
Haber,pooled_B,Goblet,Salmonella,2,92,2,-0.18245788457683942,0.023857458896449968,0.26462930886834957,-0.08511181120118311
Haber,pooled_B,Endocrine,Salmonella,0,50,2,-0.23292770034129873,0.02106082426000319,0.39242224959606115,-0.10653185174419283
Haber,pooled_B,Endocrine,Hpoly_Day10,1,50,2,-0.01792293724047017,0.13530522594606775,0.42795800315958094,-0.16176603387224348
Haber,pooled_B,Endocrine,Hpoly_Day10,2,50,2,-0.030786282601844905,0.12394177638760763,0.41434947447384807,-0.18252741205862305
