held,t_fitted,gain_fitted,gain_t0,gain_always,gain_never
0.0,-0.05,0.02059,0.02059,0.02059,0.0
1.0,-0.05,0.01751,0.01751,0.01751,0.0
2.0,-0.05,0.0221,0.0221,0.0221,0.0
3.0,-0.05,0.00578,0.00556,0.00578,0.0
4.0,-0.05,0.03917,0.03917,0.03917,0.0
5.0,-0.05,0.01669,0.01669,0.01669,0.0
6.0,-0.05,0.02078,0.02078,0.02078,0.0
7.0,-0.05,0.01795,0.01795,0.01795,0.0
8.0,-0.05,0.02348,0.02348,0.02348,0.0
9.0,-0.05,0.02519,0.02519,0.02519,0.0
10.0,-0.05,0.01462,0.01288,0.01462,0.0
11.0,-0.05,0.00978,0.00978,0.00978,0.0
12.0,-0.05,0.00186,0.00087,0.00186,0.0
13.0,-0.05,0.02368,0.02368,0.02368,0.0
14.0,-0.05,0.01878,0.01878,0.01878,0.0
