ctx,evid_split,true_gain,setting
0.0,0.012774722420653185,0.01589079690641082,Plate 7 native (400 cells)
0.0,0.016822224611457038,0.021048895909916765,Plate 7 native (400 cells)
0.0,0.02868269465118285,0.022528493307323427,Plate 7 native (400 cells)
0.0,0.015825329176707693,0.020602938670403748,Plate 7 native (400 cells)
0.0,0.026081962530715774,0.018682632174161773,Plate 7 native (400 cells)
0.0,0.022752512525790358,0.02160716384797623,Plate 7 native (400 cells)
0.0,0.018319509280832525,0.018282758683519917,Plate 7 native (400 cells)
0.0,0.031135002373028485,0.02610769334222307,Plate 7 native (400 cells)
0.0,0.020023783006846107,0.01969199473509664,Plate 7 native (400 cells)
0.0,0.026228912557648552,0.021433934982533875,Plate 7 native (400 cells)
1.0,0.032210738096453785,0.021978026536277118,Plate 7 native (400 cells)
1.0,0.009955398872067778,0.01557769111001095,Plate 7 native (400 cells)
1.0,0.01626027907772003,0.013251235629689884,Plate 7 native (400 cells)
1.0,0.009603583883008793,0.015690928869341536,Plate 7 native (400 cells)
1.0,0.006234384956306671,0.014144605507255159,Plate 7 native (400 cells)
1.0,0.021066396992354696,0.01834122245517833,Plate 7 native (400 cells)
1.0,0.014698314018718284,0.02013969265456439,Plate 7 native (400 cells)
1.0,0.021282640934170382,0.019102468278351714,Plate 7 native (400 cells)
1.0,0.015028125624004508,0.019748804977957723,Plate 7 native (400 cells)
1.0,0.010396492254741752,0.0171024016672221,Plate 7 native (400 cells)
2.0,0.02555115615760186,0.023092056745877332,Plate 7 native (400 cells)
2.0,0.014355133810266074,0.019354957880657553,Plate 7 native (400 cells)
2.0,0.03697590177336925,0.02576442794067213,Plate 7 native (400 cells)
2.0,0.023335822639119597,0.022281520771368468,Plate 7 native (400 cells)
2.0,0.01483021871515644,0.01765778245555083,Plate 7 native (400 cells)
2.0,0.029728616315429956,0.023164040095632665,Plate 7 native (400 cells)
2.0,0.020800396933333198,0.02295625427621939,Plate 7 native (400 cells)
2.0,0.012134373590186365,0.016641812202263906,Plate 7 native (400 cells)
2.0,0.022039017277532415,0.024880796926805337,Plate 7 native (400 cells)
2.0,0.02476344568205202,0.02519997788965167,Plate 7 native (400 cells)
3.0,-0.001222828014224897,0.0022061167935277792,Plate 7 native (400 cells)
3.0,0.010255687493266996,0.0067373681793644336,Plate 7 native (400 cells)
3.0,0.006484143880502158,0.006005573069089332,Plate 7 native (400 cells)
3.0,0.003555429547042266,0.008125043414905941,Plate 7 native (400 cells)
3.0,0.005194325978479996,0.00518042194979329,Plate 7 native (400 cells)
3.0,0.0037308488061193355,0.008730796240572714,Plate 7 native (400 cells)
3.0,0.009005168731956958,0.007445453972390492,Plate 7 native (400 cells)
3.0,0.0076126835969280385,0.006333257886391386,Plate 7 native (400 cells)
3.0,0.006924832487143262,0.004741464710238064,Plate 7 native (400 cells)
3.0,0.011341771238916642,0.0023143504821218075,Plate 7 native (400 cells)
4.0,0.03964621473398098,0.04018757170895815,Plate 7 native (400 cells)
4.0,0.03729167597088197,0.036740785949158083,Plate 7 native (400 cells)
4.0,0.03862428889556713,0.0387948028486067,Plate 7 native (400 cells)
4.0,0.053804655547127635,0.03829530314057372,Plate 7 native (400 cells)
4.0,0.04230162829416599,0.03958355564143823,Plate 7 native (400 cells)
4.0,0.045429551168116686,0.0410692606266162,Plate 7 native (400 cells)
4.0,0.036689695018793135,0.03366252941162806,Plate 7 native (400 cells)
4.0,0.02755423816344744,0.039521464173405074,Plate 7 native (400 cells)
4.0,0.03787739431177641,0.0408156187039771,Plate 7 native (400 cells)
4.0,0.03791281301409648,0.043035637484430844,Plate 7 native (400 cells)
5.0,0.026940312722502323,0.022526306421186693,Plate 7 native (400 cells)
5.0,0.02104064341567271,0.019799088662296405,Plate 7 native (400 cells)
5.0,0.020489509670819927,0.010751950017894973,Plate 7 native (400 cells)
5.0,0.01981881999348991,0.018382579936790933,Plate 7 native (400 cells)
5.0,0.019385627555449324,0.016286903994355506,Plate 7 native (400 cells)
5.0,0.011812390075059964,0.014401632185476854,Plate 7 native (400 cells)
5.0,0.011720050024866402,0.015885640079629337,Plate 7 native (400 cells)
5.0,0.024485670099070166,0.019049505018057578,Plate 7 native (400 cells)
5.0,0.018536711568957552,0.01722422898055298,Plate 7 native (400 cells)
5.0,0.0013833161208164802,0.012590855030108483,Plate 7 native (400 cells)
6.0,0.02260437276681626,0.021417835625412218,Plate 7 native (400 cells)
6.0,0.02802863403561162,0.02361395347398687,Plate 7 native (400 cells)
6.0,0.013121828560829185,0.0146391119520346,Plate 7 native (400 cells)
6.0,0.0211917610753107,0.021427180892980013,Plate 7 native (400 cells)
6.0,0.023181074139570802,0.024633073265565963,Plate 7 native (400 cells)
6.0,0.027017776677083393,0.020617364327441434,Plate 7 native (400 cells)
6.0,0.01824951637154517,0.01929795082545882,Plate 7 native (400 cells)
6.0,0.016760398499491715,0.0219066499465288,Plate 7 native (400 cells)
6.0,0.009630167511045862,0.016386185473391435,Plate 7 native (400 cells)
6.0,0.022396549882529926,0.023843563168129855,Plate 7 native (400 cells)
7.0,0.015863157170932916,0.01717363213323886,Plate 7 native (400 cells)
7.0,0.004944593272563991,0.01576404445198465,Plate 7 native (400 cells)
7.0,0.0006778439548013715,0.012531774493766412,Plate 7 native (400 cells)
7.0,0.013108845297991079,0.013855846975303732,Plate 7 native (400 cells)
7.0,0.026149619167602813,0.023282942506260285,Plate 7 native (400 cells)
7.0,0.0059325212034276875,0.015368651385524457,Plate 7 native (400 cells)
7.0,0.026220485939067516,0.021794003174919863,Plate 7 native (400 cells)
7.0,0.018149711529709678,0.022305862702482804,Plate 7 native (400 cells)
7.0,0.016168007251648686,0.016739764148760106,Plate 7 native (400 cells)
7.0,0.020959152693784833,0.020721668787824554,Plate 7 native (400 cells)
8.0,0.024667445641305897,0.024364057653165627,Plate 7 native (400 cells)
8.0,0.022774005367207462,0.024216926364792557,Plate 7 native (400 cells)
8.0,0.0159099769298505,0.021637612890376134,Plate 7 native (400 cells)
8.0,0.02265646609056693,0.018806143187284463,Plate 7 native (400 cells)
8.0,0.022503987826466253,0.023965672863630494,Plate 7 native (400 cells)
8.0,0.013142686836587836,0.020596105901911077,Plate 7 native (400 cells)
8.0,0.019598077593430064,0.022836618477279802,Plate 7 native (400 cells)
8.0,0.031557214330323366,0.030138648304776194,Plate 7 native (400 cells)
8.0,0.027714188994328336,0.025282567567217695,Plate 7 native (400 cells)
8.0,0.01551978824658835,0.022909459975523627,Plate 7 native (400 cells)
9.0,0.02406074666503997,0.026369709708520706,Plate 7 native (400 cells)
9.0,0.02612599353530227,0.02453472132853396,Plate 7 native (400 cells)
9.0,0.029570753218727007,0.02231411111804682,Plate 7 native (400 cells)
9.0,0.03155857733053036,0.027362012105831335,Plate 7 native (400 cells)
9.0,0.029009531436226553,0.026203397343658508,Plate 7 native (400 cells)
9.0,0.025939200497037664,0.021162423529681007,Plate 7 native (400 cells)
9.0,0.024069318510827876,0.026562442767008698,Plate 7 native (400 cells)
9.0,0.025672183615191125,0.027773615897097703,Plate 7 native (400 cells)
9.0,0.022210146935801423,0.02330235909253897,Plate 7 native (400 cells)
9.0,0.024099723500959968,0.026267862253756213,Plate 7 native (400 cells)
10.0,0.014095356784147172,0.013732017361788418,Plate 7 native (400 cells)
10.0,0.02800347413555291,0.022113016131766527,Plate 7 native (400 cells)
10.0,0.024668237862176267,0.021347409983250687,Plate 7 native (400 cells)
10.0,0.012302286849799459,0.014292957475096624,Plate 7 native (400 cells)
10.0,0.0115329174916591,0.011562544830934884,Plate 7 native (400 cells)
10.0,-0.00072502198032518,0.009819679268973647,Plate 7 native (400 cells)
10.0,0.027921998124227264,0.02276220424383535,Plate 7 native (400 cells)
10.0,0.008674283931316662,0.01360363219337779,Plate 7 native (400 cells)
10.0,0.010565673731334945,0.009355232562177851,Plate 7 native (400 cells)
10.0,-0.003921058237619457,0.007660958047513211,Plate 7 native (400 cells)
11.0,0.015923328558728734,0.013484300691894546,Plate 7 native (400 cells)
11.0,0.013530122420881696,0.012103492414967443,Plate 7 native (400 cells)
11.0,0.009153270015129866,0.013194095183876153,Plate 7 native (400 cells)
11.0,0.01064022202156285,0.0020823850101677754,Plate 7 native (400 cells)
11.0,0.0017399357991234599,0.0006230305471526254,Plate 7 native (400 cells)
11.0,0.01810430409772563,0.015159528824680968,Plate 7 native (400 cells)
11.0,0.008890158381910008,0.012145610734448975,Plate 7 native (400 cells)
11.0,0.013886448756116887,0.012321845068776094,Plate 7 native (400 cells)
11.0,0.007633208097497635,0.007877037660314223,Plate 7 native (400 cells)
11.0,0.004720689938822265,0.008856059142746786,Plate 7 native (400 cells)
12.0,0.0066217011057182916,0.005198138599910362,Plate 7 native (400 cells)
12.0,6.197774847116477e-06,0.0032414640913441817,Plate 7 native (400 cells)
12.0,-0.002196597080411289,0.0015720219426705873,Plate 7 native (400 cells)
12.0,-0.0017725390915684035,0.0028846611036549286,Plate 7 native (400 cells)
12.0,-0.0014520389323221306,0.002787020050952438,Plate 7 native (400 cells)
12.0,0.004116604950611879,0.0006958217191015414,Plate 7 native (400 cells)
12.0,-0.0014729692282110518,0.0026589259617083583,Plate 7 native (400 cells)
12.0,0.0023302977608096963,0.0007267290761554523,Plate 7 native (400 cells)
12.0,0.0019640365384038017,0.000413835395862705,Plate 7 native (400 cells)
12.0,0.004609206011138012,-0.0015669868920368257,Plate 7 native (400 cells)
13.0,0.01537488338510038,0.019302038685999,Plate 7 native (400 cells)
13.0,0.012820289421862908,0.020583433829901354,Plate 7 native (400 cells)
13.0,0.022491247252806802,0.018235503831166344,Plate 7 native (400 cells)
13.0,0.020230708497714866,0.026053870795743617,Plate 7 native (400 cells)
13.0,0.0280461726644744,0.02491234975440315,Plate 7 native (400 cells)
13.0,0.02301850149631466,0.023723762955541017,Plate 7 native (400 cells)
13.0,0.015053797282140569,0.022102374467026564,Plate 7 native (400 cells)
13.0,0.013977591420584768,0.02343266109539277,Plate 7 native (400 cells)
13.0,0.024827714634954656,0.030062232872493877,Plate 7 native (400 cells)
13.0,0.03229426672941356,0.028393384197658467,Plate 7 native (400 cells)
14.0,0.020524580683662298,0.016371710735624045,Plate 7 native (400 cells)
14.0,0.016499322440526522,0.02056160023588116,Plate 7 native (400 cells)
14.0,0.023761504175111824,0.021707447238055955,Plate 7 native (400 cells)
14.0,0.016405616674468493,0.02065155934619889,Plate 7 native (400 cells)
14.0,0.01589969651801044,0.02054900642309454,Plate 7 native (400 cells)
14.0,0.004414433045986876,0.017812600609140805,Plate 7 native (400 cells)
14.0,0.02071518065683827,0.019748580301033214,Plate 7 native (400 cells)
14.0,0.01748659002169759,0.01403424370638473,Plate 7 native (400 cells)
14.0,0.011134208302057313,0.01714135217136159,Plate 7 native (400 cells)
14.0,0.013437831653181121,0.01924165556070745,Plate 7 native (400 cells)
,-0.1116986779829284,-0.10448279838131,Plate 2 (20 cells)
,-0.120048912193443,-0.1042582630890446,Plate 2 (20 cells)
,-0.0910304430119716,-0.1045265683919475,Plate 2 (20 cells)
,-0.0951065588666199,-0.1005974435536461,Plate 2 (20 cells)
,-0.1110076622186401,-0.0998633154119494,Plate 2 (20 cells)
,-0.0645113946633028,-0.1141087071709591,Plate 2 (20 cells)
,-0.0951582721436468,-0.0967625475372058,Plate 2 (20 cells)
,-0.0816944653897132,-0.1064267602396563,Plate 2 (20 cells)
,-0.1056841447471921,-0.1143097769216911,Plate 2 (20 cells)
,-0.1036734964031921,-0.100094417616552,Plate 2 (20 cells)
,-0.0877302328318988,-0.0914128052298214,Plate 2 (20 cells)
,-0.1037597318965646,-0.1038975916949237,Plate 2 (20 cells)
,-0.1215385259708182,-0.1203000620389898,Plate 2 (20 cells)
,-0.1063950016806976,-0.1060714425623777,Plate 2 (20 cells)
,-0.0941068271197712,-0.105234282093771,Plate 2 (20 cells)
,-0.1229005185289184,-0.1002254593181156,Plate 2 (20 cells)
,-0.0749967868955714,-0.0882454304912087,Plate 2 (20 cells)
,-0.084384976323912,-0.0741741911936727,Plate 2 (20 cells)
,-0.0954509971833799,-0.078680304425584,Plate 2 (20 cells)
,-0.0401145895564866,-0.0770132662700448,Plate 2 (20 cells)
,-0.09810996317901,-0.0839852170291566,Plate 2 (20 cells)
,-0.0907111848108831,-0.0893442484924631,Plate 2 (20 cells)
,-0.0601169540435826,-0.0902101255145136,Plate 2 (20 cells)
,-0.0963568045549383,-0.0735266964839833,Plate 2 (20 cells)
,-0.0760612736697028,-0.0587039674625305,Plate 2 (20 cells)
,-0.069573247350672,-0.0611753622802565,Plate 2 (20 cells)
,-0.0876869105686642,-0.0616398613318926,Plate 2 (20 cells)
,-0.0562744820033308,-0.0610835859477206,Plate 2 (20 cells)
,-0.0897145647059535,-0.0572508943314226,Plate 2 (20 cells)
,-0.0792736857409236,-0.063520528149467,Plate 2 (20 cells)
,-0.0587373948039649,-0.0617012255948375,Plate 2 (20 cells)
,-0.0604284927906283,-0.0518485986971383,Plate 2 (20 cells)
,-0.0647280002422361,-0.0741526785027277,Plate 2 (20 cells)
,-0.0652347887421227,-0.0584962406216908,Plate 2 (20 cells)
,-0.0718599900514073,-0.0709189598142893,Plate 2 (20 cells)
,-0.0571622394060841,-0.0578540019043662,Plate 2 (20 cells)
,-0.0829400951304046,-0.0545919130771789,Plate 2 (20 cells)
,-0.0877525634990426,-0.0737472812164469,Plate 2 (20 cells)
,-0.0670338698114954,-0.081803068125652,Plate 2 (20 cells)
,-0.0822456263729562,-0.0729003347614808,Plate 2 (20 cells)
,-0.0714003148620493,-0.0583651587125748,Plate 2 (20 cells)
,-0.0655713558680603,-0.0705447161261085,Plate 2 (20 cells)
,-0.0557313755857393,-0.0469846783490114,Plate 2 (20 cells)
,-0.0584559093242164,-0.0623261775352248,Plate 2 (20 cells)
,-0.0420011143294027,-0.0410600821631864,Plate 2 (20 cells)
,-0.0618144535944033,-0.0474084082884382,Plate 2 (20 cells)
,-0.0582528572681605,-0.0564069508849734,Plate 2 (20 cells)
,-0.0336092968927065,-0.0469655511049482,Plate 2 (20 cells)
,-0.0879344519716636,-0.1214876123252566,Plate 2 (20 cells)
,-0.1185245989848573,-0.1080934678220674,Plate 2 (20 cells)
,-0.1195497426091196,-0.1292576864842798,Plate 2 (20 cells)
,-0.087697543146771,-0.1121563756806327,Plate 2 (20 cells)
,-0.1270757608662383,-0.115069090802261,Plate 2 (20 cells)
,-0.1076201311819006,-0.1185850606321405,Plate 2 (20 cells)
,-0.1176161669146156,-0.1292045841571148,Plate 2 (20 cells)
,-0.1293044857426531,-0.1202175411694846,Plate 2 (20 cells)
,-0.0866163555631555,-0.0776583478000684,Plate 2 (20 cells)
,-0.0731148882542786,-0.0728386253106686,Plate 2 (20 cells)
,-0.0745114749093688,-0.0695649901506293,Plate 2 (20 cells)
,-0.0722920368185374,-0.0765112568433755,Plate 2 (20 cells)
,-0.0842231680544514,-0.0791054268432903,Plate 2 (20 cells)
,-0.0743216869566733,-0.0701430215788042,Plate 2 (20 cells)
,-0.0880130029399274,-0.0803281992248673,Plate 2 (20 cells)
,-0.100781445485856,-0.0805064226780785,Plate 2 (20 cells)
,-0.0738862031442086,-0.0722463308750219,Plate 2 (20 cells)
,-0.0768600827819575,-0.0844553141325814,Plate 2 (20 cells)
,-0.065654133027105,-0.0680669126789589,Plate 2 (20 cells)
,-0.0916360669046103,-0.0746995583105631,Plate 2 (20 cells)
,-0.1051403100529164,-0.0667919330109726,Plate 2 (20 cells)
,-0.06856491760604,-0.0797352691976594,Plate 2 (20 cells)
,-0.0677145375754299,-0.0726452253043604,Plate 2 (20 cells)
,-0.0774412300506218,-0.081383644251631,Plate 2 (20 cells)
,-0.1079855879806374,-0.1158180494366544,Plate 2 (20 cells)
,-0.1128030352792837,-0.1128880184795763,Plate 2 (20 cells)
,-0.1388049490549076,-0.1251940821726319,Plate 2 (20 cells)
,-0.132607862272936,-0.1031635170757047,Plate 2 (20 cells)
,-0.1126110380992246,-0.125024052268487,Plate 2 (20 cells)
,-0.1348085569571664,-0.1083775392355466,Plate 2 (20 cells)
,-0.1046538243663894,-0.1242857353771817,Plate 2 (20 cells)
,-0.1186070611449897,-0.1265879179522387,Plate 2 (20 cells)
,-0.1002930210988774,-0.0901546997682627,Plate 2 (20 cells)
,-0.1123620538491102,-0.1033847762231641,Plate 2 (20 cells)
,-0.102247919290975,-0.0977663505053763,Plate 2 (20 cells)
,-0.0917216800420448,-0.0957395381208033,Plate 2 (20 cells)
,-0.09519643324763,-0.088896826409818,Plate 2 (20 cells)
,-0.095403682428713,-0.0864602016279899,Plate 2 (20 cells)
,-0.1024352228977234,-0.0995589398848828,Plate 2 (20 cells)
,-0.0885444319039836,-0.0927573570134987,Plate 2 (20 cells)
,-0.1342068142550643,-0.0948395914252152,Plate 2 (20 cells)
,-0.1353123430578931,-0.090173561945173,Plate 2 (20 cells)
,-0.0993752959953214,-0.0863845980832283,Plate 2 (20 cells)
,-0.0900884015259536,-0.120117076156479,Plate 2 (20 cells)
,-0.0694910598116125,-0.1103257115624711,Plate 2 (20 cells)
,-0.1200490565337928,-0.1308079826742778,Plate 2 (20 cells)
,-0.1119814224983074,-0.1048702355491015,Plate 2 (20 cells)
,-0.1338349527080217,-0.1044497545328233,Plate 2 (20 cells)
,-0.0424603683192829,-0.0314875142062524,Plate 2 (20 cells)
,-0.0416733539789955,-0.0368996089834962,Plate 2 (20 cells)
,-0.0736091066476048,-0.0565257831257281,Plate 2 (20 cells)
,-0.0372022693194141,-0.0367496824565842,Plate 2 (20 cells)
,-0.0611704557286883,-0.0406661476803464,Plate 2 (20 cells)
,-0.0486551109861202,-0.041979625403997,Plate 2 (20 cells)
,-0.0377377516221883,-0.0401465650940186,Plate 2 (20 cells)
,-0.0404211264071025,-0.0353728685607967,Plate 2 (20 cells)
,-0.1080167489118758,-0.112152114017953,Plate 2 (20 cells)
,-0.087268486499581,-0.1048414995311075,Plate 2 (20 cells)
,-0.0930074543609689,-0.1019879475649468,Plate 2 (20 cells)
,-0.1060304073488008,-0.1031181019203401,Plate 2 (20 cells)
,-0.1064227785937927,-0.1009808385260588,Plate 2 (20 cells)
,-0.0939529519114739,-0.0948174521814831,Plate 2 (20 cells)
,-0.1259257119032141,-0.1158071593176125,Plate 2 (20 cells)
,-0.0907636138637613,-0.1180090109735311,Plate 2 (20 cells)
,-0.0735184391899912,-0.0816647171747556,Plate 2 (20 cells)
,-0.1023877510888994,-0.0733739931948233,Plate 2 (20 cells)
,-0.0903782681464572,-0.087326588111611,Plate 2 (20 cells)
,-0.102320902173772,-0.0858756189469645,Plate 2 (20 cells)
,-0.0748079760959185,-0.0649914682949764,Plate 2 (20 cells)
,-0.0778371916841898,-0.0898820678880506,Plate 2 (20 cells)
,-0.0861119738023146,-0.0858135557305237,Plate 2 (20 cells)
,-0.0885361981334424,-0.0800665113333414,Plate 2 (20 cells)
