score,stellate_quintile,stellate_prop_median,n_scar,n_hep,scar_median,hep_median,scar_minus_hep,rho_with_stellate
core94_h,0,0.148538,1,2735,-0.321489,-0.07596,-0.245529,0.671593
core94_h,1,0.47889,9,2641,0.070716,-0.036257,0.106973,0.671593
core94_h,2,0.693606,88,3534,0.012542,-0.01474,0.027282,0.671593
core94_h,3,1.467319,556,2952,0.163928,0.023288,0.14064,0.671593
core94_h,4,4.236423,2566,1120,0.324636,0.139467,0.185169,0.671593
Bdom_h,0,0.148538,1,2735,-0.251403,-0.051951,-0.199452,0.70335
Bdom_h,1,0.47889,9,2641,0.011706,-0.02639,0.038096,0.70335
Bdom_h,2,0.693606,88,3534,0.006968,-0.00808,0.015048,0.70335
Bdom_h,3,1.467319,556,2952,0.109333,0.020048,0.089286,0.70335
Bdom_h,4,4.236423,2566,1120,0.222232,0.097122,0.12511,0.70335
Ddom_h,0,0.148538,1,2735,-0.255458,-0.039177,-0.216281,0.518866
Ddom_h,1,0.47889,9,2641,-0.043448,-0.02443,-0.019018,0.518866
Ddom_h,2,0.693606,88,3534,-0.018994,-0.00959,-0.009404,0.518866
Ddom_h,3,1.467319,556,2952,0.042512,0.008407,0.034105,0.518866
Ddom_h,4,4.236423,2566,1120,0.127503,0.072802,0.054701,0.518866
