section,core,spec,threshold
BA1_1,0.30976,0.099978,1.0
BA1_2,0.318411,0.114785,1.0
BA1_4,0.333316,0.086287,1.0
BA2_1,0.630384,0.279801,1.0
BA2_2,0.719105,0.367348,1.0
BA2_3,0.720502,0.298896,1.0
BA2_4,0.71185,0.368495,1.0
NL_1,0.185649,0.108035,1.0
NL_2,0.016881,-0.017409,1.0
NL_3,0.315522,0.100281,1.0
NL_4,0.204564,0.102609,1.0
NonBA_1,0.321071,0.071987,1.0
NonBA_2,0.422195,0.073953,1.0
NonBA_3,0.352257,0.07131,1.0
NonBA_4,0.462316,0.136188,1.0
BA1_1,0.377214,0.101128,1.25
BA1_2,0.334524,0.155281,1.25
BA1_4,0.380906,0.122523,1.25
BA2_1,0.649096,0.367328,1.25
BA2_2,0.775475,0.51425,1.25
BA2_3,0.758608,0.454429,1.25
BA2_4,0.727595,0.419545,1.25
NL_1,0.311875,0.133952,1.25
NL_2,0.005225,-0.011631,1.25
NL_3,0.294271,0.105701,1.25
NL_4,0.259102,0.13115,1.25
NonBA_1,0.335732,0.132306,1.25
NonBA_2,0.462224,0.086888,1.25
NonBA_3,0.383382,0.09562,1.25
NonBA_4,0.49583,0.180404,1.25
BA1_1,0.478755,0.134513,1.5
BA1_2,0.380443,0.172504,1.5
BA1_4,0.501665,0.130381,1.5
BA2_1,0.845116,0.388535,1.5
BA2_2,1.000823,0.525968,1.5
BA2_3,0.978586,0.413397,1.5
BA2_4,0.923324,0.445257,1.5
NL_1,0.372543,0.070842,1.5
NL_2,0.004848,-0.012359,1.5
NL_3,0.419485,0.08988,1.5
NL_4,0.341092,0.098309,1.5
NonBA_1,0.497017,0.153099,1.5
NonBA_2,0.598788,0.066055,1.5
NonBA_3,0.569461,0.150777,1.5
NonBA_4,0.690551,0.209655,1.5
BA1_1,0.476995,0.2114,2.0
BA1_2,0.219803,0.212162,2.0
BA1_4,0.449128,0.130113,2.0
BA2_1,0.71632,0.351309,2.0
BA2_2,0.781104,0.399354,2.0
BA2_3,0.897542,0.316952,2.0
BA2_4,0.764299,0.441828,2.0
NL_1,0.114335,0.007938,2.0
NL_2,-0.041026,-0.001748,2.0
NL_3,0.088007,0.205904,2.0
NL_4,0.166983,0.129367,2.0
NonBA_1,0.175206,0.129587,2.0
NonBA_2,0.359823,0.044715,2.0
NonBA_3,0.239257,0.107374,2.0
NonBA_4,0.682025,0.274291,2.0
