table	panels	status	implemented_producer	input_contract	remaining_work	historical_writer_candidate_cells
adapter_cellot_kagglecrosspatient.csv	ed6a	not_rerun		historical formal-evaluation capsules	Derived TSV/JSON export found. End-to-end training, checkpoint identity and original input contracts not revalidated.	3291,3292,3295,3321,3322,3332
adapter_formal_panel_metrics.csv	ed6a,ed6b,ed6c,ed7e	not_rerun		historical formal-evaluation capsules	Derived TSV/JSON export found. End-to-end training, checkpoint identity and original input contracts not revalidated.	3291,3292,3295,3321,3322,3332
adapter_formal_safety_summary.csv	ed6d	not_rerun		historical formal-evaluation capsules	Derived TSV/JSON export found. End-to-end training, checkpoint identity and original input contracts not revalidated.	3291,3292,3295,3321,3322,3521
capacity2_summary.csv	ed1c	not_rerun		historical Tahoe reconstruction/simulation inputs	Historical execution-cell writer candidate located; multiple distinct 15/16/50-line cohorts must not be substituted.	1490,1517,2942,2953,2988,3008
carriage_additivity.csv	ed3b	not_rerun		historical Tahoe reconstruction/simulation inputs	Historical execution-cell writer candidate located; multiple distinct 15/16/50-line cohorts must not be substituted.	1238,1240,1931,2272,2579,2587
ceiling_vs_depth_merged.csv	ed1g,ed1h	not_rerun		historical Tahoe reconstruction/simulation inputs	Historical execution-cell writer candidate located; multiple distinct 15/16/50-line cohorts must not be substituted.	1411,2942,2953,2980,2988,3008
composition_rule_carriage.csv	ed3e	not_rerun		historical Tahoe reconstruction/simulation inputs	Historical execution-cell writer candidate located; multiple distinct 15/16/50-line cohorts must not be substituted.	1240,1311,1313,1781,2272,2579
criterion_external_summary.csv	ed5a,ed5b	raw_verified_subset	workflows/external_criterion.py	Zenodo four public expression matrices	trVAE branch requires retraining; pooled_B only is rerun	1611,1632,1925,2274,3521,3523
criterion_predicts_transfer.csv	fig1d	raw_verified	workflows/tahoe_raw.py → workflows/tahoe_analysis.py	Tahoe Plate 2 raw CSR/Plate 7 count H5AD		141,661,667,1329,1536,1584
criterion_threshold_loco_v2.csv	fig1f	raw_verified	workflows/derive_tables.py	raw-derived criterion_predicts_transfer.csv		1580,1584,1587,1589,1592,1781
depth_honest_summary.csv	fig5g	not_rerun		historical Tahoe reconstruction/simulation inputs	Historical execution-cell writer candidate located; multiple distinct 15/16/50-line cohorts must not be substituted.	1541,1543,1545,1552,2609,2613
ed4_cluster_bootstrap.csv	ed2c	not_rerun		historical Tahoe reconstruction/simulation inputs	Historical execution-cell writer candidate located; multiple distinct 15/16/50-line cohorts must not be substituted.	2944,2947,2948,2953,2988,3008
fig1d_external_validation.csv	fig1h	raw_verified	workflows/derive_tables.py	raw-derived external/Tahoe panels		1730,1781,2087,2184,2185,2272
fig3b_carriage_by_model_dataset.csv	ed3a	not_rerun		historical Tahoe reconstruction/simulation inputs	Historical execution-cell writer candidate located; multiple distinct 15/16/50-line cohorts must not be substituted.	1648,1654,1719,1781,1825,2087
gate_policy_comparison_celllines.csv	fig1g	not_rerun		historical Tahoe reconstruction/simulation inputs	Historical execution-cell writer candidate located; multiple distinct 15/16/50-line cohorts must not be substituted.	288,2037,2043,2087,2184,2185
headroom_by_k.csv	ed1a,ed1b,ed4g	not_rerun		historical Tahoe reconstruction/simulation inputs	Historical execution-cell writer candidate located; multiple distinct 15/16/50-line cohorts must not be substituted.	1394,2942,2953,2988,3002,3008
iid_arm_ranking.csv	fig3e	not_rerun		historical Tahoe reconstruction/simulation inputs	Historical execution-cell writer candidate located; multiple distinct 15/16/50-line cohorts must not be substituted.	993,994,2877,2881,2895,4792
improve_by_k.csv	ed4i	not_rerun		historical Tahoe reconstruction/simulation inputs	Historical execution-cell writer candidate located; multiple distinct 15/16/50-line cohorts must not be substituted.	1396,2942,2988,3212,3218,3219
jiang_pathway_arm_metrics.csv	ed7d	not_rerun		historical formal-evaluation capsules	Derived TSV/JSON export found. End-to-end training, checkpoint identity and original input contracts not revalidated.	3291,3292,3304,3321,3322,3332
k562_growth_bootstrap.csv	ed7g,ed7h	not_rerun		historical genetic/Tahoe capsule matrices and metadata	Capsule result export found; requires recovering declared input hashes and original fitted models before an end-to-end claim.	3351,3352,3355,3356,3357,3362
k562_growth_metrics.csv	ed7g	not_rerun		historical genetic/Tahoe capsule matrices and metadata	Capsule result export found; requires recovering declared input hashes and original fitted models before an end-to-end claim.	3351,3352,3355,3356,3357,3362
k562_mean_bootstrap.csv	ed7h	not_rerun		historical genetic/Tahoe capsule matrices and metadata	Capsule result export found; requires recovering declared input hashes and original fitted models before an end-to-end claim.	3311,3313,3322,3332,3352
k562_mean_per_fold.csv	ed7h	not_rerun		historical genetic/Tahoe capsule matrices and metadata	Capsule result export found; requires recovering declared input hashes and original fitted models before an end-to-end claim.	3311,3313,3322,3352,3355,3357
lambda_not_depth.csv	fig4d	not_rerun		historical Tahoe reconstruction/simulation inputs	Historical execution-cell writer candidate located; multiple distinct 15/16/50-line cohorts must not be substituted.	1266,1267,1931,1936,1939,2087
lambda_prehoc_vs_posthoc.csv	ed1e,ed1f	not_rerun		historical Tahoe reconstruction/simulation inputs	Historical execution-cell writer candidate located; multiple distinct 15/16/50-line cohorts must not be substituted.	939,941,943,1063,2942,2980
lambda_screen_all_datasets.csv	fig4a,fig4b,fig4c	not_rerun		historical Tahoe reconstruction/simulation inputs	Historical execution-cell writer candidate located; multiple distinct 15/16/50-line cohorts must not be substituted.	900,909,2087,2151,2184,2185
lib_ablate_raw.csv	ed1d	raw_verified	workflows/tahoe_16line_raw.py → workflows/tahoe_weight_rules.py	Plate 7 raw counts: 16 contexts, 86 conditions, 7007 genes; archived float32 boundaries		1572,2980,2988,3008
lib_ablate_summary.csv	fig5f,ed1c	raw_verified	workflows/tahoe_16line_raw.py → workflows/tahoe_weight_rules.py	Plate 7 raw counts: 16 contexts, 86 conditions, 7007 genes; archived float32 boundaries		1572,2272,2609,2613,2621,2623
liver_adapter_decomposition.csv	fig6g	raw_verified	workflows/liver_raw.py	GSE253493 raw counts + GEO series metadata; GSE338525 raw counts + official region metadata		198,1692,1718,1962,1987,2272
liver_axis_cross_system.csv	fig6h	not_rerun		GSE253493/GSE338525/GSE243367/GSE119606 + gene annotations/region metadata	Raw archives and four official region metadata files recovered and hash-verified; source-axis/identity marker provenance and gene mapping are incomplete. Frozen signature/spot labels do not constitute full raw reconstruction.	173,2272,2609,2613,2623,2628
liver_cohort_stage_association.csv	fig6c	not_rerun		GSE253493/GSE338525/GSE243367/GSE119606 + gene annotations/region metadata	Raw archives and four official region metadata files recovered and hash-verified; source-axis/identity marker provenance and gene mapping are incomplete. Frozen signature/spot labels do not constitute full raw reconstruction.	278,1781,2087,2184,2185,2272
liver_core94_signature.csv	fig6i	raw_verified_column_subset	workflows/liver_raw.py	GSE253493 raw counts + GEO series metadata; GSE338525 raw counts + official region metadata	Unverified columns: in_frozen_axis	181,1665,1692,1703,1781,1912
liver_core_external_validation.csv	fig6f	not_rerun		GSE253493/GSE338525/GSE243367/GSE119606 + gene annotations/region metadata	Raw archives and four official region metadata files recovered and hash-verified; source-axis/identity marker provenance and gene mapping are incomplete. Frozen signature/spot labels do not constitute full raw reconstruction.	270,1781,2272,2609,2613,2623
liver_core_vs_specific_per_section.csv	fig6j	not_rerun		GSE253493/GSE338525/GSE243367/GSE119606 + gene annotations/region metadata	Raw archives and four official region metadata files recovered and hash-verified; source-axis/identity marker provenance and gene mapping are incomplete. Frozen signature/spot labels do not constitute full raw reconstruction.	181,1536,1687,1703,1781,2087
liver_spatial_section_contrast.csv	fig6d	raw_verified	workflows/liver_raw.py	GSE253493 raw counts + GEO series metadata; GSE338525 raw counts + official region metadata		2670,2676,2678,2703,2713,2715
liver_spatial_spot_scores.csv	fig6a	raw_verified_column_subset	workflows/liver_raw.py	GSE253493 raw counts + GEO series metadata; GSE338525 raw counts + official region metadata	Unverified columns: hsc_identity,signed_hsc_state	2670,2676,2678,2685,2703,2708
liver_spatial_state_vs_abundance.csv	fig6b	raw_verified	workflows/liver_raw.py → workflows/liver_abundance.py	GSE253493 raw counts + GEO series metadata; GSE338525 raw counts + official region metadata		2685,2686,2703,2715,2716
liver_threshold_sensitivity_per_section.csv	fig6e	raw_verified	workflows/liver_raw.py → workflows/liver_thresholds.py	GSE253493 raw counts + GEO series metadata; GSE338525 raw counts + official region metadata		1665,1692,1781,2613,2623,2628
lofo_permutation_summary.csv	ed7f	not_rerun		historical genetic/Tahoe capsule matrices and metadata	Capsule result export found; requires recovering declared input hashes and original fitted models before an end-to-end claim.	3351,3352,3355,3356,3357,3362
lofo_strategy_summary.csv	ed7f	not_rerun		historical genetic/Tahoe capsule matrices and metadata	Capsule result export found; requires recovering declared input hashes and original fitted models before an end-to-end claim.	3351,3352,3355,3356,3357,3362
mixseq_comparator_suite.csv	ed7c	not_rerun		historical formal-evaluation capsules	Derived TSV/JSON export found. End-to-end training, checkpoint identity and original input contracts not revalidated.	3291,3292,3304,3321,3322,3332
nm_bias_vs_margin.csv	fig2d,fig2e	not_rerun		historical Tahoe reconstruction/simulation inputs	Historical execution-cell writer candidate located; multiple distinct 15/16/50-line cohorts must not be substituted.	1183,1364,1781,1931,2087,2184
nm_design_requirement.csv	fig2g	not_rerun		historical Tahoe reconstruction/simulation inputs	Historical execution-cell writer candidate located; multiple distinct 15/16/50-line cohorts must not be substituted.	1184,1781,1931,2087,2184,2185
nm_identifiability_shared_regime.csv	fig2c	not_rerun		historical Tahoe reconstruction/simulation inputs	Historical execution-cell writer candidate located; multiple distinct 15/16/50-line cohorts must not be substituted.	1188,1364,1781,1936,1938,1939
nm_leaderboard_identifiability.csv	fig2a,fig2c	not_rerun		historical Tahoe reconstruction/simulation inputs	Historical execution-cell writer candidate located; multiple distinct 15/16/50-line cohorts must not be substituted.	1182,1364,1781,1931,1936,1938
plate2_calmean_shared_term.csv	ed5g	not_rerun		historical genetic/Tahoe capsule matrices and metadata	Capsule result export found; requires recovering declared input hashes and original fitted models before an end-to-end claim.	3343,3346,3355,3356,3357,3362
plate2_centering_null.csv	ed5g	not_rerun		historical genetic/Tahoe capsule matrices and metadata	Capsule result export found; requires recovering declared input hashes and original fitted models before an end-to-end claim.	3345,3346,3355,3356,3357,3362
plate2_firewall_registry.csv	ed5h	not_rerun		historical genetic/Tahoe capsule matrices and metadata	Capsule result export found; requires recovering declared input hashes and original fitted models before an end-to-end claim.	3345,3346,3355,3356,3357,3362
plate2_per_drug_reliability.csv	fig2h,ed6e,ed6f,ed6g,ed6h	not_rerun		historical Tahoe reconstruction/simulation inputs	Historical execution-cell writer candidate located; multiple distinct 15/16/50-line cohorts must not be substituted.	80,1931,2272,2469,2478,2510
plate2_prospective_context_summary.csv	ed6e,ed6f,ed6g,ed6h	not_rerun		historical genetic/Tahoe capsule matrices and metadata	Capsule result export found; requires recovering declared input hashes and original fitted models before an end-to-end claim.	3291,3292,3304,3321,3322
plate2_prospective_overall_summary.csv	ed6e,ed6f,ed6g,ed6h	not_rerun		historical genetic/Tahoe capsule matrices and metadata	Capsule result export found; requires recovering declared input hashes and original fitted models before an end-to-end claim.	3291,3292,3304,3321,3322
plate2_shared_term_removal.csv	ed5f	not_rerun		historical genetic/Tahoe capsule matrices and metadata	Capsule result export found; requires recovering declared input hashes and original fitted models before an end-to-end claim.	3343,3346,3355,3356,3357,3362
plate2_shared_variance_share.csv	ed5e	not_rerun		historical genetic/Tahoe capsule matrices and metadata	Capsule result export found; requires recovering declared input hashes and original fitted models before an end-to-end claim.	3343,3346,3355,3356,3357
plate7_depth_ladder.csv	fig3g,fig5a,fig5b,fig5c,ed4a,ed4b,ed4h	raw_verified	workflows/tahoe_raw.py → workflows/tahoe_analysis.py --ladder	Tahoe Plate 7 count H5AD		131,667,894,1536,1798,1987
plate7_depth_law_summary.csv	fig4h	not_rerun		historical Tahoe reconstruction/simulation inputs	Historical execution-cell writer candidate located; multiple distinct 15/16/50-line cohorts must not be substituted.	701,718,1536,1552,1556,1781
plate7_depth_numerator_gap.csv	fig4e,fig4f,fig4g,ed8b	not_rerun		historical Tahoe reconstruction/simulation inputs	Historical execution-cell writer candidate located; multiple distinct 15/16/50-line cohorts must not be substituted.	697,1781,1905,2087,2272,2609
plate7_depth_sweep_ladder.csv	fig5d,fig5e	not_rerun		historical Tahoe reconstruction/simulation inputs	Historical execution-cell writer candidate located; multiple distinct 15/16/50-line cohorts must not be substituted.	696,894,2087,2184,2185,2272
release_rule_validation.csv	fig1e	raw_verified	workflows/derive_tables.py	raw-derived criterion_predicts_transfer.csv		1589,1592,1781,1931,2087,2272
safedelta_gate_evidence_repair.csv	fig1c	raw_verified	workflows/tahoe_raw.py → workflows/tahoe_analysis.py	Tahoe Plate 2 raw CSR		122,2272,2335,2350,2371
samplesize_vs_k.csv	ed4c	not_rerun		historical Tahoe reconstruction/simulation inputs	Historical execution-cell writer candidate located; multiple distinct 15/16/50-line cohorts must not be substituted.	1417,1423,1424,3212,3218,3219
scgen_control_regime.csv	ed2d	not_rerun		public expression matrices + trained neural models	Historical training code located; archived weights/training environment and all random states have not been rerun.	470,500,511,544,933,2942
scgen_control_regime_sensitivity.csv	ed3c	not_rerun		public expression matrices + trained neural models	Historical training code located; archived weights/training environment and all random states have not been rerun.	1267,1648,1931,1936,1939,2579
sciplex3_batch_offset_summary.csv	fig3f	not_rerun		historical Tahoe reconstruction/simulation inputs	Historical execution-cell writer candidate located; multiple distinct 15/16/50-line cohorts must not be substituted.	787,2877,2881,2895,5149
sciplex3_depth_numerator_gap.csv	ed8a,ed8b,ed8c	raw_verified	workflows/sciplex_depth.py	Zenodo sciPlex3 expression matrix		4908,4914,4922,4928,4941,4994
selection_summary.csv	ed4e	not_rerun		historical Tahoe reconstruction/simulation inputs	Historical execution-cell writer candidate located; multiple distinct 15/16/50-line cohorts must not be substituted.	1423,1424,3212,3218,3219,3221
singlecell_distribution_aggregate.csv	ed7a,ed7b	not_rerun		historical formal-evaluation capsules	Derived TSV/JSON export found. End-to-end training, checkpoint identity and original input contracts not revalidated.	3291,3292,3304,3321,3322,3332
singlecell_distribution_inner_selection.csv	ed7a	not_rerun		historical formal-evaluation capsules	Derived TSV/JSON export found. End-to-end training, checkpoint identity and original input contracts not revalidated.	3291,3292,3304,3321
spatial_expressed_pool.csv	fig6i	not_rerun		GSE253493/GSE338525/GSE243367/GSE119606 + gene annotations/region metadata	Raw archives and four official region metadata files recovered and hash-verified; source-axis/identity marker provenance and gene mapping are incomplete. Frozen signature/spot labels do not constitute full raw reconstruction.	1849,1852,1875,1878,2613,2623
split_key_confounding.csv	ed2b	not_rerun		historical Tahoe reconstruction/simulation inputs	Historical execution-cell writer candidate located; multiple distinct 15/16/50-line cohorts must not be substituted.	781,2942,2980,2988,3008
tahoe_budget_k_comparison.csv	fig2b,fig2f,fig3h,ed4d	not_rerun		historical Tahoe reconstruction/simulation inputs	Historical execution-cell writer candidate located; multiple distinct 15/16/50-line cohorts must not be substituted.	1633,1718,1962,1987,2272,2469
trvae_sciplex3_regime.csv	ed2f	not_rerun		public expression matrices + trained neural models	Historical training code located; archived weights/training environment and all random states have not been rerun.	544,894,2942,2953,2988,3008
trvae_tahoe_regime.csv	ed2e	not_rerun		public expression matrices + trained neural models	Historical training code located; archived weights/training environment and all random states have not been rerun.	994,997,2942,2953,2988,3008
w10_carriage_norm_vs_projection.csv	ed3d	not_rerun		public expression matrices + trained neural models	Historical training code located; archived weights/training environment and all random states have not been rerun.	885,887,902,933,1238,1269
w10_dataset_audit.csv	ed2a	not_rerun		public expression matrices + trained neural models	Historical training code located; archived weights/training environment and all random states have not been rerun.	750,751,753,755,756,2942
w10_four_dataset_verified.csv	fig3a,fig3b,fig3c,fig3d,fig3e,ed3f	not_rerun		public expression matrices + trained neural models	Historical training code located; archived weights/training environment and all random states have not been rerun.	1160,1162,1166,1168,1183,1240
w10_reproduction_paired.csv	ed5c	not_rerun		public expression matrices + trained neural models	Historical training code located; archived weights/training environment and all random states have not been rerun.	957,960,961,964,1210,2942
w10_winner_change_vs_margin.csv	ed5d	not_rerun		public expression matrices + trained neural models	Historical training code located; archived weights/training environment and all random states have not been rerun.	929,932,933,943,2942,2980
weightrule2_summary.csv	fig1b	raw_verified	workflows/tahoe_16line_raw.py → workflows/tahoe_weight_rules.py	Plate 7 raw counts: 16 contexts, 86 conditions, 7007 genes; archived float32 boundaries		1559,2272,2535,2566,2568,2931
weightrule_summary.csv	ed4f	raw_verified	workflows/tahoe_16line_raw.py → workflows/tahoe_weight_rules.py	Plate 7 raw counts: 16 contexts, 86 conditions, 7007 genes; archived float32 boundaries		1509,1517,3212,3218,3219,3221
