dataset,method,a_proj,cos,infl,rel_pct,indep
sciplex3,trVAE,0.624588,0.273653,0.011596,3.348622,0.346292
sciplex3,trVAE_plus_offset,0.962714,0.451896,0.025135,5.431612,0.462761
sciplex3,trVAE_plus_calmean,1.624588,0.532234,0.020723,4.766349,0.434778
KaggleCrossCell,trVAE,0.884596,0.495259,0.029005,6.482531,0.447437
KaggleCrossCell,trVAE_plus_offset,0.971785,0.575945,0.094992,24.926228,0.381093
KaggleCrossCell,trVAE_plus_calmean,1.884596,0.75382,0.057052,13.95024,0.408966
McFarland,trVAE,0.682178,0.503254,0.055979,15.492161,0.361337
McFarland,trVAE_plus_offset,1.043246,0.738852,0.131229,29.101997,0.450927
McFarland,trVAE_plus_calmean,1.682178,0.80568,0.110851,29.33471,0.377882
