dataset,base,evidence,n_panels,n_contexts,frac_true_positive,frac_released,precision,recall,gain_always,gain_gated,gain_never,harm_avoided,spearman,spearman_p,ctx_spearman_median
Haber,pooled_B,evid_loo,24,8,0.125,0.08333333333333333,1.0,0.6666666666666666,-0.08199943316329711,0.002860470977065902,0.0,0.08758575848427774,0.5495652173913043,0.005406579828666854,
Haber,pooled_B,evid_insample,24,8,0.125,0.6666666666666666,0.1875,1.0,-0.08199943316329711,-0.042409790648161576,0.0,0.03958964251513555,0.41130434782608694,0.045848978983735716,
Haber,pooled_B,evid_shared,24,8,0.125,1.0,0.125,1.0,-0.08199943316329711,-0.08199943316329711,0.0,-0.0,-0.37478260869565216,0.0711591600657471,
Haber,trVAE,evid_loo,24,8,0.7083333333333334,0.3333333333333333,0.875,0.4117647058823529,0.04010105508011715,0.02157388518883333,0.0,0.006702099640852863,0.2939130434782608,0.1633105777659175,
Haber,trVAE,evid_insample,24,8,0.7083333333333334,1.0,0.7083333333333334,1.0,0.04010105508011715,0.04010105508011715,0.0,-0.0,0.5460869565217391,0.005769573258910435,
Haber,trVAE,evid_shared,24,8,0.7083333333333334,1.0,0.7083333333333334,1.0,0.04010105508011715,0.04010105508011715,0.0,-0.0,0.48173913043478256,0.017142518672419674,
KaggleCrossCell,pooled_B,evid_loo,21,3,0.2857142857142857,0.0,0.0,0.0,-0.13748241543893908,0.0,0.0,0.1645348842284484,-0.0649134748242552,0.7798223968898645,-0.3023715784073817
KaggleCrossCell,pooled_B,evid_insample,21,3,0.2857142857142857,0.23809523809523808,0.0,0.0,-0.13748241543893908,-0.04395341055294143,0.0,0.12058147367550698,-0.02119623667730782,0.927337352497099,-0.3023715784073817
KaggleCrossCell,pooled_B,evid_shared,21,3,0.2857142857142857,0.7619047619047619,0.25,0.6666666666666666,-0.13748241543893908,-0.11721719111602791,0.0,0.027131660992527003,-0.24243195699670822,0.289675580294952,-0.3023715784073817
KaggleCrossCell,trVAE,evid_loo,21,3,0.6190476190476191,0.5238095238095238,0.8181818181818182,0.6923076923076923,-0.0008685896484211313,0.004255413585524696,0.0,0.02162751173631174,0.0543153564856013,0.815112953976503,0.1322875655532295
KaggleCrossCell,trVAE,evid_insample,21,3,0.6190476190476191,0.7142857142857143,0.7333333333333333,0.8461538461538461,-0.0008685896484211313,0.0005200548872356341,0.0,0.013836802973859998,-0.10465641859420736,0.6516493107498024,0.09449111825230679
KaggleCrossCell,trVAE,evid_shared,21,3,0.6190476190476191,0.7619047619047619,0.6875,0.8461538461538461,-0.0008685896484211313,-0.0017283958949867906,0.0,0.011588352191637574,-0.1430745975718278,0.5361146898617906,0.09449111825230679
McFarland,pooled_B,evid_loo,60,5,0.3333333333333333,0.0,0.0,0.0,-0.0902612422060049,0.0,0.0,0.09916106547547959,-0.026496907831750897,0.8407283807491233,-0.19165439617519747
McFarland,pooled_B,evid_insample,60,5,0.3333333333333333,0.5166666666666667,0.3870967741935484,0.6,-0.0902612422060049,-0.06008337468492561,0.0,0.03335997236822189,-0.04646720889231263,0.7244240126585255,-0.19165439617519747
McFarland,pooled_B,evid_shared,60,5,0.3333333333333333,1.0,0.3333333333333333,1.0,-0.0902612422060049,-0.0902612422060049,0.0,-0.0,-0.25476079593180284,0.049483482799498296,0.026229649178821125
McFarland,trVAE,evid_loo,60,5,0.7666666666666667,0.65,0.8205128205128205,0.6956521739130435,0.08958966707366876,0.08404646081624485,0.0,0.013234607318309213,0.38933719623516927,0.002107423335816752,-0.05669467095138408
McFarland,trVAE,evid_insample,60,5,0.7666666666666667,1.0,0.7666666666666667,1.0,0.08958966707366876,0.08958966707366876,0.0,-0.0,0.33405627905355845,0.009092412415760639,-0.10259655701432105
McFarland,trVAE,evid_shared,60,5,0.7666666666666667,1.0,0.7666666666666667,1.0,0.08958966707366876,0.08958966707366876,0.0,-0.0,0.32211872478830644,0.012075681512795066,-0.05669467095138408
sciplex3,pooled_B,evid_loo,36,3,0.9166666666666666,1.0,0.9166666666666666,1.0,0.17898747296843245,0.17898747296843245,0.0,-0.0,-0.06420820915345735,0.7098649812995637,-0.32522181779399545
sciplex3,pooled_B,evid_insample,36,3,0.9166666666666666,1.0,0.9166666666666666,1.0,0.17898747296843245,0.17898747296843245,0.0,-0.0,-0.043495883620084004,0.8011306212599878,-0.11826247919781652
sciplex3,pooled_B,evid_shared,36,3,0.9166666666666666,1.0,0.9166666666666666,1.0,0.17898747296843245,0.17898747296843245,0.0,-0.0,-0.11391779043355336,0.5082639098045906,-0.11826247919781652
sciplex3,trVAE,evid_loo,36,3,0.6666666666666666,1.0,0.6666666666666666,1.0,0.11646864348292195,0.11646864348292195,0.0,-0.0,0.33139720853397336,0.04833613559481028,-0.08869685939836239
sciplex3,trVAE,evid_insample,36,3,0.6666666666666666,1.0,0.6666666666666666,1.0,0.11646864348292195,0.11646864348292195,0.0,-0.0,0.31172049927726875,0.06420816527548419,-0.17739371879672478
sciplex3,trVAE,evid_shared,36,3,0.6666666666666666,1.0,0.6666666666666666,1.0,0.11646864348292195,0.11646864348292195,0.0,-0.0,0.3355396736406481,0.0454345751497227,-0.17739371879672478
