model,dataset,arm,a,cos,n
trVAE,sciplex3,benchmark o.o.d.,0.7105615296581459,0.33446829955738927,45
trVAE,KaggleCrossCell,benchmark o.o.d.,0.7095611951533467,0.5700561199728164,45
trVAE,McFarland,benchmark o.o.d.,0.6614697253188169,0.5314015818660969,66
trVAE,Haber,benchmark o.o.d.,0.6138072830376805,0.6881624720633791,48
scPRAM,sciplex3,benchmark o.o.d.,0.8101717334603917,0.11822019821686071,45
scPRAM,KaggleCrossCell,benchmark o.o.d.,0.26663398405539124,0.12444724839991192,45
scPRAM,McFarland,benchmark o.o.d.,0.4201510262690589,0.21366942030783642,66
scPRAM,Haber,benchmark o.o.d.,0.6136009671174639,0.3556289352132406,48
scGen,sciplex3,benchmark o.o.d.,0.32439505192420975,0.14625851043369326,45
scGen,KaggleCrossCell,benchmark o.o.d.,0.4396558110046578,0.29930323472994097,45
scGen,McFarland,benchmark o.o.d.,0.3425073724735798,0.2874142511769081,66
scGen,Haber,benchmark o.o.d.,0.5302517782204488,0.5600321807030476,48
trVAE,Tahoe,fine-tuned on target controls,0.9652689028921475,0.9722470840328595,450
scGen,Tahoe,fine-tuned on target controls,0.9614495700999095,0.971813346948262,1200
