dataset,context,split,split_level,split_key,n_control,n0,n_perturbations,lam,noise_centred,signal
Afriat,Pericentral,0,cell,(cells),546,273,2,0.04510192149407523,3.341206184112998,74.08123808099644
Afriat,Pericentral,1,cell,(cells),546,273,2,0.04611089898458639,3.41428339701986,74.04504080827314
Afriat,Pericentral,2,cell,(cells),546,273,2,0.04691619456537107,3.4704088860030424,73.97038310870502
Afriat,Periportal,0,cell,(cells),2659,1329,2,0.008552843906533254,0.5933768267740014,69.37772199031238
Afriat,Periportal,1,cell,(cells),2659,1329,2,0.009250402429100841,0.641440641043269,69.34191738787071
Afriat,Periportal,2,cell,(cells),2659,1329,2,0.009657197171419944,0.6695147831950355,69.32806396212304
Haber,Endocrine,0,measurement,batch,112,50,3,0.3997393058504468,20.124415064150703,50.343848527319416
Haber,Endocrine,1,measurement,batch,112,50,3,0.40539073627347944,20.356864994488568,50.21541730730542
Haber,Endocrine,2,measurement,batch,112,50,3,0.39965913995441255,19.902294882033026,49.79817272364445
Haber,Enterocyte,0,measurement,batch,424,203,3,0.09579282193868756,5.600682123332259,58.46661586937057
Haber,Enterocyte,1,measurement,batch,424,203,3,0.0953181377094356,5.547981539183425,58.20488809900686
Haber,Enterocyte,2,measurement,batch,424,203,3,0.09594232061106668,5.602266171703291,58.39202279058784
Haber,Enterocyte_Progenitor,0,measurement,batch,545,221,3,0.08600162377385505,3.903157021287549,45.384689846683216
Haber,Enterocyte_Progenitor,1,measurement,batch,545,221,3,0.0837212525960392,3.7004671220998757,44.19985376896932
Haber,Enterocyte_Progenitor,2,measurement,batch,545,221,3,0.08877937691555314,4.0717582794067475,45.86378527166056
Haber,Goblet,0,measurement,batch,216,92,3,0.23012078970493557,10.64186608067395,46.2446965105548
Haber,Goblet,1,measurement,batch,216,92,3,0.21493180638119475,9.99715652586292,46.51315547096063
Haber,Goblet,2,measurement,batch,216,92,3,0.22298620098476868,10.374400782414705,46.52485551392187
Haber,Stem,0,measurement,batch,670,300,3,0.13840056886377233,6.512158813329902,47.05297721528746
Haber,Stem,1,measurement,batch,670,300,3,0.14254384986379517,6.6787662160189285,46.85411697804349
Haber,Stem,2,measurement,batch,670,300,3,0.13643161648038474,6.393999913304217,46.86596903455663
Haber,TA,0,measurement,batch,421,166,3,0.18606900962814973,8.469672675564851,45.51898616804109
Haber,TA,1,measurement,batch,421,166,3,0.1875536413935914,8.423189597144873,44.91082942755751
Haber,TA,2,measurement,batch,421,166,3,0.19681963197915847,8.784193295682044,44.63067635759128
Haber,TA_Early,0,measurement,batch,792,387,3,0.14269336167587526,5.618200310619099,39.37254154387864
Haber,TA_Early,1,measurement,batch,792,387,3,0.1422513798711971,5.611128940508369,39.44516352381974
Haber,TA_Early,2,measurement,batch,792,387,3,0.14465722514091842,5.686463983849093,39.30992024981539
Haber,Tuft,0,measurement,batch,60,27,3,0.5544487663398877,29.157204741645014,52.58773490312194
Haber,Tuft,1,measurement,batch,60,27,3,0.5808082011938632,29.947617298933956,51.56197387945971
Haber,Tuft,2,measurement,batch,60,27,3,0.5789942436545611,30.398323644331498,52.50194449682251
KaggleCrossCell,CD4,0,measurement,plate_name,7604,3637,10,0.006351901859661166,0.38446059614377737,60.52684764941974
KaggleCrossCell,CD4,1,measurement,plate_name,7604,3637,10,0.006287251363298748,0.3804921906677173,60.51804972977627
KaggleCrossCell,CD4,2,measurement,plate_name,7604,3637,10,0.006260358238273735,0.37898322116068106,60.5369863410858
KaggleCrossCell,CD8,0,measurement,plate_name,443,208,2,0.15903283654907413,21.97070239512215,138.1519871736832
KaggleCrossCell,CD8,1,measurement,plate_name,443,208,2,0.15648476896798866,21.718255065107662,138.78830002650585
KaggleCrossCell,CD8,2,measurement,plate_name,443,208,2,0.1555198885982369,21.546943970138948,138.54783567780424
KaggleCrossCell,Myeloid,0,measurement,plate_name,4274,2076,5,0.7655555170945603,7.122952506841827,9.30429256636395
KaggleCrossCell,Myeloid,1,measurement,plate_name,4274,2076,5,0.7583711469592274,7.064326508372196,9.315130904831218
KaggleCrossCell,Myeloid,2,measurement,plate_name,4274,2076,5,0.7528165336518786,7.01726642626682,9.321350040263304
KaggleCrossCell,NK,0,measurement,plate_name,2075,996,6,0.03199679674212453,2.1583565838499457,67.455395652416
KaggleCrossCell,NK,1,measurement,plate_name,2075,996,6,0.027758340018031704,1.8881811522451324,68.0221205957769
KaggleCrossCell,NK,2,measurement,plate_name,2075,996,6,0.029816795465308094,2.020654955779773,67.7690182411054
KaggleCrossPatient,Pat0,0,measurement,plate_name,5357,2596,10,0.011465224097289525,0.9493275526553266,82.80061031513162
KaggleCrossPatient,Pat0,1,measurement,plate_name,5357,2596,10,0.011820441453071366,0.9822476532522157,83.09737475980589
KaggleCrossPatient,Pat0,2,measurement,plate_name,5357,2596,10,0.011650150541455441,0.9663220720849047,82.94502879137758
KaggleCrossPatient,Pat1,0,measurement,plate_name,6579,3218,10,0.005578767718078221,0.4435642452357367,79.50935899308891
KaggleCrossPatient,Pat1,1,measurement,plate_name,6579,3218,10,0.0061023775175759135,0.48434850974646093,79.37045984969835
KaggleCrossPatient,Pat1,2,measurement,plate_name,6579,3218,10,0.006102642698300832,0.48464463965190546,79.41553579514753
KaggleCrossPatient,Pat2,0,measurement,plate_name,4317,1631,10,0.007822899876647587,0.8947712140030581,114.37845659690353
KaggleCrossPatient,Pat2,1,measurement,plate_name,4317,1631,10,0.007936639220560432,0.9127127978483955,114.99991022446224
KaggleCrossPatient,Pat2,2,measurement,plate_name,4317,1631,10,0.008114471225185613,0.9095568347893224,112.0907092462475
McFarland,BICR31,0,measurement,condition3,659,274,7,0.07494419604785206,7.555114556509997,100.80986860791778
McFarland,BICR31,1,measurement,condition3,659,274,7,0.07269523169437862,7.315359597304417,100.63052867152632
McFarland,BICR31,2,measurement,condition3,659,274,7,0.07515848542764364,7.599020412484707,101.10661982139614
McFarland,COLO680N,0,measurement,condition3,510,248,11,0.15640131139135402,9.535663799561604,60.969206170535614
McFarland,COLO680N,1,measurement,condition3,510,248,11,0.17169909675927258,10.257440893068406,59.74079704944315
McFarland,COLO680N,2,measurement,condition3,510,248,11,0.15889132365922717,9.668180765535128,60.847757718164594
McFarland,RCC10RGB,0,measurement,condition3,524,245,10,0.0806761352626908,5.382331665779475,66.71528883050709
McFarland,RCC10RGB,1,measurement,condition3,524,245,10,0.08114394834761614,5.431085303966361,66.93148921839365
McFarland,RCC10RGB,2,measurement,condition3,524,245,10,0.08227449296937443,5.501703974232089,66.87010488511942
McFarland,SKMEL2,0,measurement,condition3,165,72,3,0.27277295129890405,11.843737162735438,43.419763969768006
McFarland,SKMEL2,1,measurement,condition3,165,72,3,0.2619212146474934,11.308661687083518,43.175814155807416
McFarland,SKMEL2,2,measurement,condition3,165,72,3,0.2949203447483443,12.693581312854109,43.04071095429361
McFarland,TEN,0,measurement,condition3,503,225,11,0.07159983797034951,5.256851327020556,73.41987741924069
McFarland,TEN,1,measurement,condition3,503,225,11,0.0712639846343011,5.222902948472152,73.28951608970573
McFarland,TEN,2,measurement,condition3,503,225,11,0.07377486698710202,5.429914205607058,73.60113853619504
crossPatient,PW030,0,measurement,batch,20916,6621,2,0.19553557496995827,7.756384799015217,39.66738431207157
crossPatient,PW030,1,measurement,batch,20916,6621,2,0.19608213277967085,7.783169693384028,39.693416136643336
crossPatient,PW030,2,measurement,batch,20916,6621,2,0.20144315640261592,7.9951787254897875,39.68950282684293
crossPatient,PW032,0,measurement,batch,6549,3238,2,0.23993300501987008,8.20704065509621,34.20555106379192
crossPatient,PW032,1,measurement,batch,6549,3238,2,0.2459987299490947,8.348245903644852,33.93613416366979
crossPatient,PW032,2,measurement,batch,6549,3238,2,0.24482734925838973,8.325734605095269,34.006554538595786
crossPatient,PW034,0,measurement,batch,14885,7308,2,0.7848045201784304,9.444128829388337,12.033733989250155
crossPatient,PW034,1,measurement,batch,14885,7308,2,0.7878574745228095,9.473095352666471,12.023869365971487
crossPatient,PW034,2,measurement,batch,14885,7308,2,0.7843929606918566,9.432160651594526,12.02479002778798
crossPatient,PW036,0,measurement,batch,13109,6448,2,2.454024778743904,13.620384494501533,5.550222887917679
crossPatient,PW036,1,measurement,batch,13109,6448,2,2.4259389856749483,13.572499332353638,5.594740598382147
crossPatient,PW036,2,measurement,batch,13109,6448,2,2.4228103182776066,13.551220898675965,5.593182758239871
crossSpecies,mouse,0,cell,(cells),8581,4290,3,0.0008858387511257592,0.322574348005342,364.1456727823226
crossSpecies,mouse,1,cell,(cells),8581,4290,3,0.000884867939875456,0.32222790871927676,364.1536710716742
crossSpecies,mouse,2,cell,(cells),8581,4290,3,0.0007913280308483716,0.2881891372905618,364.1841639068419
crossSpecies,pig,0,cell,(cells),5881,2940,3,0.001563795913989573,0.3269827803504677,209.0955587140944
crossSpecies,pig,1,cell,(cells),5881,2940,3,0.0019175407856191788,0.40086653910057346,209.05241865357905
crossSpecies,pig,2,cell,(cells),5881,2940,3,0.0016744657979534162,0.3501050189784005,209.08460441909872
crossSpecies,rabbit,0,cell,(cells),9670,4835,3,0.0017848505418760576,0.30993393698101546,173.64699716271127
crossSpecies,rabbit,1,cell,(cells),9670,4835,3,0.001819707923935237,0.3159814135661838,173.64402792886312
crossSpecies,rabbit,2,cell,(cells),9670,4835,3,0.0017803323183452015,0.3091500378001857,173.64737729837827
crossSpecies,rat,0,cell,(cells),6480,3240,3,0.0009968323786415404,0.19475288560020587,195.3717493262112
crossSpecies,rat,1,cell,(cells),6480,3240,3,0.0009488853362427307,0.1853896779183019,195.37627027980344
crossSpecies,rat,2,cell,(cells),6480,3240,3,0.00094976073932564,0.18556061122914183,195.37616532864445
sciplex3,A549,0,measurement,plate,2041,1019,36,0.011542209497514505,0.7537470081408999,65.30352860977021
sciplex3,A549,1,measurement,plate,2041,1019,36,0.011571522433188524,0.7556763519597609,65.3048340287869
sciplex3,A549,2,measurement,plate,2041,1019,36,0.011645240851311205,0.7603505362411141,65.29281325731463
sciplex3,K562,0,measurement,plate,3528,1752,34,0.011064160015696862,0.47139172630234794,42.60528821289448
sciplex3,K562,1,measurement,plate,3528,1752,34,0.011037353136003182,0.47003569097264675,42.58590670977252
sciplex3,K562,2,measurement,plate,3528,1752,34,0.011098149229872225,0.47306396623767855,42.62548254121151
sciplex3,MCF7,0,measurement,plate,5351,2662,33,0.003513831716635688,0.17544477400482547,49.92975991827086
sciplex3,MCF7,1,measurement,plate,5351,2662,33,0.003542837586659379,0.1769540058478547,49.946970901002715
sciplex3,MCF7,2,measurement,plate,5351,2662,33,0.003506626679820638,0.17505121513591196,49.92011728629913
