section,group,n_spots,n_scar,n_hep,n_chol,core94_scar,core94_hep,core94_scar_minus_hep,Bdom_scar,Bdom_hep,Bdom_scar_minus_hep,Ddom_scar,Ddom_hep,Ddom_scar_minus_hep,core94_scar_median_h,Bdom_scar_median_h,Ddom_scar_median_h,frac_scar_above_hep_median
BA1_1,BA1,1361,568,758,35,0.145974,-0.109388,0.255362,0.093166,-0.070832,0.163998,0.037873,-0.029855,0.067728,0.250968,0.162047,0.0618,0.987676
BA1_2,BA1,1435,742,645,48,0.120609,-0.130166,0.250775,0.081199,-0.086081,0.16728,0.044259,-0.051227,0.095486,0.233939,0.159567,0.095382,0.981132
BA1_4,BA1,767,310,440,17,0.176278,-0.098473,0.274751,0.125825,-0.056389,0.182214,0.075672,-0.023892,0.099564,0.266527,0.180066,0.096804,0.977419
BA2_1,BA2,789,259,505,25,0.29077,-0.151449,0.442219,0.211074,-0.109196,0.32027,0.145515,-0.078453,0.223968,0.437096,0.31891,0.224084,1.0
BA2_2,BA2,1224,105,1104,15,0.477087,-0.050634,0.52772,0.361388,-0.038946,0.400334,0.323968,-0.036662,0.36063,0.520044,0.412032,0.342537,0.990476
BA2_3,BA2,1265,59,1188,18,0.530425,-0.03288,0.563305,0.384682,-0.024011,0.408692,0.253888,-0.017487,0.271375,0.504926,0.375686,0.217882,1.0
BA2_4,BA2,902,170,699,33,0.398197,-0.096862,0.495059,0.291464,-0.070423,0.361887,0.235924,-0.057236,0.293159,0.491893,0.346719,0.288598,1.0
NL_1,NL,678,20,646,12,0.183416,0.027151,0.156265,0.156325,0.026547,0.129778,0.066516,0.02269,0.043826,0.122502,0.092626,0.036737,1.0
NL_2,NL,1715,73,1608,34,0.035725,0.000774,0.034952,0.016615,0.00218,0.014435,-0.000826,0.002506,-0.003332,-0.005693,0.002818,-0.014829,0.575342
NL_3,NL,1246,61,1154,31,0.257994,-0.007032,0.265026,0.157978,-0.002722,0.1607,0.113634,-0.000527,0.114161,0.21937,0.139222,0.076596,0.967213
NL_4,NL,1029,63,950,16,0.192571,0.023171,0.1694,0.141797,0.02335,0.118448,0.119633,0.022371,0.097262,0.13164,0.112797,0.086473,0.873016
NonBA_1,NonBA,693,98,582,13,0.209279,-0.031171,0.24045,0.147354,-0.021065,0.168419,0.082573,-0.011152,0.093725,0.226207,0.167834,0.085283,0.979592
NonBA_2,NonBA,429,21,404,4,0.269259,-0.028221,0.29748,0.192238,-0.017329,0.209566,0.120964,-0.009438,0.130402,0.27908,0.193529,0.130519,1.0
NonBA_3,NonBA,1498,196,1290,12,0.246937,-0.020669,0.267606,0.160529,-0.009977,0.170505,0.093557,-0.000793,0.094351,0.265154,0.149777,0.06748,0.964286
NonBA_4,NonBA,1498,475,1009,14,0.255481,-0.092288,0.347769,0.179468,-0.058586,0.238055,0.106023,-0.028017,0.13404,0.340582,0.239589,0.129247,0.993684
