ensg,sym,pHSC,LX2,in_frozen_axis
ENSG00000041982,TNC,1.0101217663306112,1.4147588464559302,False
ENSG00000070371,CLTCL1,1.748671582537776,1.0590405520428643,True
ENSG00000070404,FSTL3,2.054764185635518,1.6493550222794715,True
ENSG00000071282,LMCD1,2.5211238167717083,1.624405221779583,True
ENSG00000074590,NUAK1,2.7026877604126858,2.0470578841663736,True
ENSG00000078098,FAP,2.018205731445361,2.589371156848059,True
ENSG00000078401,EDN1,3.430566117273457,2.357401467789187,True
ENSG00000079308,TNS1,2.416783026202368,1.8508849094511515,True
ENSG00000081320,STK17B,1.975873108979278,1.15746379701487,True
ENSG00000087494,PTHLH,1.7798706224065792,2.020738367611845,True
ENSG00000090530,P3H2,1.6493331920839602,1.2994111429426098,False
ENSG00000091986,CCDC80,1.1016729724583545,1.1243671242672955,False
ENSG00000095752,IL11,4.467209230035983,2.3680078619059763,True
ENSG00000101665,SMAD7,1.0954941594790961,2.181615978229324,False
ENSG00000103257,SLC7A5,1.4367441418889797,1.306227382368946,False
ENSG00000106366,SERPINE1,3.0829806574072327,2.0022585894996787,True
ENSG00000106624,AEBP1,1.5297653872298254,1.7712264727010316,False
ENSG00000107731,UNC5B,1.1200839115503802,1.6353006638018215,False
ENSG00000107957,SH3PXD2A,1.4105197723209386,1.1559486465816518,False
ENSG00000111341,MGP,2.5417097543600775,1.8597744157420286,True
ENSG00000111424,VDR,1.6900887675259524,1.7959356525965804,True
ENSG00000111859,NEDD9,1.2492868721911,2.0111252364154737,False
ENSG00000113070,HBEGF,4.602853975642761,1.033188806594044,True
ENSG00000114251,WNT5A,1.1275163329730047,1.7265005923010888,False
ENSG00000114270,COL7A1,1.449885848638953,1.4293589644330282,False
ENSG00000115414,FN1,1.1937327736951993,2.73381567219535,False
ENSG00000117877,POLR1G,1.078233129695727,1.2695865797755914,False
ENSG00000118523,CCN2,2.422593963495559,2.161428480108567,True
ENSG00000119681,LTBP2,1.2400179192068084,2.1721289400707158,False
ENSG00000120708,TGFBI,1.494691178288825,3.284010600277358,False
ENSG00000122641,INHBA,3.8794849465189305,1.464392529820576,True
ENSG00000122786,CALD1,1.387449065769582,1.2299006894319273,False
ENSG00000122877,EGR2,3.035873586847237,4.049652563719742,True
ENSG00000124225,PMEPA1,1.8030289203067387,5.419488436095523,True
ENSG00000128342,LIF,2.7125455836879704,2.8184055498294494,True
ENSG00000130635,COL5A1,1.051015108168329,2.2397030821781314,False
ENSG00000131018,SYNE1,1.5904525289050282,1.0264277951276926,False
ENSG00000132031,MATN3,1.1829644124871495,1.1016457994698758,False
ENSG00000132334,PTPRE,2.8131862477329337,1.3215469232869523,True
ENSG00000132854,KANK4,3.0481057146021855,1.7683088584039757,True
ENSG00000133816,MICAL2,1.9782791464168863,1.8279106293518863,True
ENSG00000134107,BHLHE40,1.0690021631728355,2.621632642224979,False
ENSG00000134198,TSPAN2,5.530036452116713,1.1756900069213407,True
ENSG00000134871,COL4A2,1.2691784347657418,1.4190817522611603,False
ENSG00000135074,ADAM19,2.763655822155923,1.7756106469860695,True
ENSG00000135362,PRR5L,2.2053631507419897,1.327859602223525,True
ENSG00000135919,SERPINE2,2.1537871942479567,2.1262009371011557,True
ENSG00000136603,SKIL,1.5104941018207212,2.0049516610820453,False
ENSG00000137801,THBS1,1.8488383889345261,2.905511704866349,True
ENSG00000138448,ITGAV,1.6556240974181815,1.4444234758623251,False
ENSG00000139211,AMIGO2,4.505137400813444,1.9776598544656752,True
ENSG00000139926,FRMD6,1.8539082657051607,1.477234352018547,True
ENSG00000140416,TPM1,3.095033366375839,1.6650755380242863,True
ENSG00000141052,MYOCD,1.8742895164651723,1.4117467943163686,True
ENSG00000143179,UCK2,1.3450448176304697,1.6441501274008683,False
ENSG00000143367,TUFT1,2.4582260982053734,1.3397395387185353,True
ENSG00000143473,KCNH1,3.534069127017095,1.576995363267426,True
ENSG00000145536,ADAMTS16,1.5585455468122436,1.1670301965999945,False
ENSG00000149591,TAGLN,2.1796677159168762,1.6539309759004857,True
ENSG00000152377,SPOCK1,3.0038306938918544,1.0514237321673612,True
ENSG00000152952,PLOD2,1.3689891867436312,1.325606284512089,False
ENSG00000156265,MAP3K7CL,2.8457075836989647,1.0260234193979718,True
ENSG00000156453,PCDH1,1.014086346216335,1.4654264307004057,False
ENSG00000156466,GDF6,2.8765728485871898,1.0809183533402207,True
ENSG00000159251,ACTC1,4.588361672093762,1.3125419143897055,True
ENSG00000166741,NNMT,2.3971770859299983,1.6658213152514474,True
ENSG00000169756,LIMS1,1.5722346802972096,1.0001411240479712,False
ENSG00000170558,CDH2,2.8631335021446,1.1652809380144795,True
ENSG00000171621,SPSB1,1.3642860710477835,1.8750262925574175,False
ENSG00000172061,LRRC15,1.4281967652412972,3.3477771424768465,False
ENSG00000176170,SPHK1,1.9260256354305199,1.6747617098272887,True
ENSG00000177425,PAWR,2.5623944698244356,1.0164110759521652,True
ENSG00000182492,BGN,2.497278008863384,1.038442228667634,True
ENSG00000183386,FHL3,1.0965303435728044,1.4848549621410463,False
ENSG00000183715,OPCML,1.8963456021908818,1.7739866909532689,True
ENSG00000187498,COL4A1,1.8808218846508655,2.1800001901150132,True
ENSG00000197461,PDGFA,1.7082738271937399,1.27369076490199,True
ENSG00000198768,APCDD1L,2.397242178934182,1.455316791401771,True
ENSG00000198796,ALPK2,1.4670119410986695,1.6541646959626846,False
ENSG00000198947,DMD,1.7775604344620453,1.2698126405668568,True
ENSG00000203805,PLPP4,1.3981339397148078,1.4685723893452094,False
ENSG00000222022,ENSG00000222022,4.398358004651863,1.0202591784891224,True
ENSG00000222032,ENSG00000222032,4.818339406968701,1.0429819993323997,True
ENSG00000222041,CYTOR,1.9566097119717734,1.189962005467387,True
ENSG00000224020,MIR181A2HG,1.5236713301191704,1.6557050275904532,False
ENSG00000229647,MYOSLID,2.821702200371792,1.0701052322751763,True
ENSG00000230630,DNM3OS,1.172746795893607,1.4589589017636517,False
ENSG00000231290,APCDD1L-DT,2.049209983656738,1.0968755566439499,True
ENSG00000242094,FOXP1-IT1,1.2425921634014934,1.8429819211468828,False
ENSG00000249669,CARMN,1.2833625629597973,2.5039289364385677,False
ENSG00000259518,LINC01583,2.290633075867096,1.2408108608336557,True
ENSG00000270562,ENSG00000270562,1.4295431654395654,1.9050839886823678,False
ENSG00000276107,THBS1-IT1,1.5312240832583384,2.32828235849047,False
ENSG00000287872,ENSG00000287872,1.2250047385246468,1.3161937927761422,False
