ensg,sym,pHSC,LX2,B,Delta,dominant
ENSG00000002746,HECW1,1.4536021143474858,-0.6936603384886348,0.37997088792942546,1.0736312264180603,Delta (pHSC-specific residual)
ENSG00000004660,CAMKK1,1.4422752147153015,0.22485745955666836,0.8335663371359849,0.6087088775793166,B (shared)
ENSG00000005059,MCUB,1.0332129877373308,-0.1628027396369207,0.43520512405020506,0.5980078636871258,Delta (pHSC-specific residual)
ENSG00000005884,ITGA3,1.133726595227114,-0.10608476933962763,0.5138209129437432,0.6199056822833708,Delta (pHSC-specific residual)
ENSG00000006327,TNFRSF12A,1.6553982465492156,0.36818202799092514,1.0117901372700704,0.6436081092791452,B (shared)
ENSG00000006576,PHTF2,1.5125858822954328,-0.1835462215931285,0.6645198303511521,0.8480660519442806,Delta (pHSC-specific residual)
ENSG00000011201,ANOS1,3.096282880165907,-0.5084215715837459,1.2939306542910805,1.8023522258748264,Delta (pHSC-specific residual)
ENSG00000011422,PLAUR,1.4753636315756324,0.14571440552246617,0.8105390185490493,0.6648246130265831,B (shared)
ENSG00000013619,MAMLD1,1.4990224370205167,-0.537252934159933,0.48088475143029186,1.0181376855902249,Delta (pHSC-specific residual)
ENSG00000015568,RGPD5,1.3038156542543384,0.054480232740452994,0.6791479434973957,0.6246677107569427,B (shared)
ENSG00000018510,AGPS,1.1261220547243305,0.29894842052930404,0.7125352376268173,0.4135868170975132,B (shared)
ENSG00000021645,NRXN3,2.621660471946239,0.24412992270411582,1.4328951973251773,1.1887652746210615,B (shared)
ENSG00000023909,GCLM,1.1879271597860397,-0.05937171428369492,0.5642777227511724,0.6236494370348673,Delta (pHSC-specific residual)
ENSG00000025708,TYMP,1.0226486780418407,-0.12179144029750477,0.45042861887216795,0.5722200591696727,Delta (pHSC-specific residual)
ENSG00000026559,KCNG1,1.2979922888697701,0.8773025500655751,1.0876474194676726,0.2103448694020975,B (shared)
ENSG00000028277,POU2F2,1.1237255998722226,-0.15991141141453724,0.4819070942288427,0.6418185056433799,Delta (pHSC-specific residual)
ENSG00000029153,ARNTL2,1.464932047549509,-0.17521006908427772,0.6448609892326156,0.8200710583168933,Delta (pHSC-specific residual)
ENSG00000031081,ARHGAP31,1.3788827818809066,0.8028598227648764,1.0908713023228915,0.2880114795580151,B (shared)
ENSG00000039560,RAI14,1.7710357180866607,0.5014337683806183,1.1362347432336395,0.6348009748530212,B (shared)
ENSG00000040275,SPDL1,1.5647543118718605,0.2800955912394594,0.92242495155566,0.6423293603162006,B (shared)
ENSG00000041982,TNC,1.0101217663306112,1.4147588464559302,1.2124403063932707,-0.20231854006265948,B (shared)
ENSG00000044574,HSPA5,1.0457083947794148,0.6273671460406742,0.8365377704100445,0.20917062436937028,B (shared)
ENSG00000046604,DSG2,1.2730596002333252,0.2363256614583502,0.7546926308458377,0.5183669693874875,B (shared)
ENSG00000047365,ARAP2,1.8349168506875548,-0.14444534238265394,0.8452357541524504,0.9896810965351044,Delta (pHSC-specific residual)
ENSG00000047932,GOPC,1.1204702610776103,0.386564480735327,0.7535173709064686,0.36695289017114163,B (shared)
ENSG00000049192,ADAMTS6,1.9935278468545299,0.20354651268384494,1.0985371797691874,0.8949906670853425,B (shared)
ENSG00000049540,ELN,4.090405343399438,-0.03411882642136394,2.0281432584890373,2.062262084910401,Delta (pHSC-specific residual)
ENSG00000054356,PTPRN,2.4354851019450283,0.09645309941527591,1.2659691006801521,1.1695160012648762,B (shared)
ENSG00000060718,COL11A1,1.3638074228302604,0.7786084189099489,1.0712079208701046,0.2925995019601557,B (shared)
ENSG00000062716,VMP1,1.2107473063438619,0.7771735020952484,0.9939604042195551,0.21678690212430674,B (shared)
ENSG00000064102,INTS13,1.186584366643677,0.05080741538655431,0.6186958910151157,0.5678884756285614,B (shared)
ENSG00000064651,SLC12A2,1.5987001054875307,-0.13734221784524703,0.7306789438211418,0.8680211616663889,Delta (pHSC-specific residual)
ENSG00000064652,SNX24,1.243584862108578,-0.0858178583227005,0.5788835018929388,0.6647013602156393,Delta (pHSC-specific residual)
ENSG00000065413,ANKRD44,1.6561031658266412,-0.13151109106275793,0.7622960373819416,0.8938071284446996,Delta (pHSC-specific residual)
ENSG00000065534,MYLK,1.2702756875613765,-0.98188800392019,0.14419384182059325,1.1260818457407833,Delta (pHSC-specific residual)
ENSG00000065809,FAM107B,1.0356424217293778,-0.5671604273188962,0.23424099720524083,0.801401424524137,Delta (pHSC-specific residual)
ENSG00000065911,MTHFD2,1.142930601078949,0.7017041084480731,0.9223173547635111,0.220613246315438,B (shared)
ENSG00000065923,SLC9A7,1.5597184137005815,-0.1647144879715805,0.6975019628645005,0.862216450836081,Delta (pHSC-specific residual)
ENSG00000067057,PFKP,1.7346863969152224,0.4441502556385668,1.0894183262768946,0.6452680706383278,B (shared)
ENSG00000067715,SYT1,1.10920425984546,0.26784268505550646,0.6885234724504832,0.4206807873949767,B (shared)
ENSG00000067798,NAV3,1.7765767687771925,-0.7724207457159533,0.5020780115306196,1.274498757246573,Delta (pHSC-specific residual)
ENSG00000070371,CLTCL1,1.748671582537776,1.0590405520428643,1.4038560672903202,0.3448155152474559,B (shared)
ENSG00000070404,FSTL3,2.054764185635518,1.6493550222794715,1.8520596039574948,0.2027045816780233,B (shared)
ENSG00000071282,LMCD1,2.5211238167717083,1.624405221779583,2.072764519275646,0.4483592974960626,B (shared)
ENSG00000072163,LIMS2,2.4800305664240123,0.3582640228408085,1.4191472946324104,1.060883271791602,B (shared)
ENSG00000073008,PVR,1.2155199228538356,0.8485854145543081,1.0320526687040719,0.18346725414976373,B (shared)
ENSG00000073712,FERMT2,1.6041256274216469,0.8104673759507461,1.2072965016861965,0.39682912573545037,B (shared)
ENSG00000073910,FRY,1.079318665313429,-0.3488540696223792,0.3652322978455249,0.7140863674679041,Delta (pHSC-specific residual)
ENSG00000074181,NOTCH3,1.4103423491625202,0.3000458895529241,0.8551941193577222,0.555148229804798,B (shared)
ENSG00000074370,ATP2A3,1.423616765330535,0.10257176173043447,0.7630942635304847,0.6605225018000502,B (shared)
ENSG00000074590,NUAK1,2.7026877604126858,2.0470578841663736,2.3748728222895297,0.3278149381231561,B (shared)
ENSG00000075275,CELSR1,1.421756402428285,-0.1292983301769488,0.6462290361256681,0.7755273663026169,Delta (pHSC-specific residual)
ENSG00000076706,MCAM,1.1322168360249147,0.2688354980335854,0.7005261670292501,0.43169066899566466,B (shared)
ENSG00000078018,MAP2,1.3295525296819752,-1.2325447689267968,0.04850388037758924,1.281048649304386,Delta (pHSC-specific residual)
ENSG00000078098,FAP,2.018205731445361,2.589371156848059,2.30378844414671,-0.28558271270134883,B (shared)
ENSG00000078401,EDN1,3.430566117273457,2.357401467789187,2.893983792531322,0.5365823247421351,B (shared)
ENSG00000079257,LXN,1.1940693173875787,-0.2196156273489529,0.4872268450193129,0.7068424723682658,Delta (pHSC-specific residual)
ENSG00000079308,TNS1,2.416783026202368,1.8508849094511515,2.1338339678267597,0.28294905837560824,B (shared)
ENSG00000081320,STK17B,1.975873108979278,1.15746379701487,1.566668452997074,0.409204655982204,B (shared)
ENSG00000082497,SERTAD4,1.083311293282554,0.0,0.541655646641277,0.541655646641277,Delta (pHSC-specific residual)
ENSG00000082512,TRAF5,1.1512362496031354,0.3373418067841438,0.7442890281936396,0.4069472214094958,B (shared)
ENSG00000084710,EFR3B,1.8334639221242042,0.16870919884419777,1.001086560484201,0.8323773616400032,B (shared)
ENSG00000085563,ABCB1,1.0074891967081392,-0.10643255067822024,0.4505283230149595,0.5569608736931797,Delta (pHSC-specific residual)
ENSG00000086991,NOX4,4.118519659759788,0.533840441556193,2.3261800506579906,1.7923396091017976,B (shared)
ENSG00000087008,ACOX3,1.1360924785678055,0.5278982890958908,0.8319953838318481,0.30409709473595736,B (shared)
ENSG00000087494,PTHLH,1.7798706224065792,2.020738367611845,1.900304495009212,-0.12043387260263294,B (shared)
ENSG00000088387,DOCK9,1.8387018026941728,0.10139048217168778,0.9700461424329303,0.8686556602612425,B (shared)
ENSG00000088538,DOCK3,1.3208449003086375,-1.115291954328458,0.10277647299008974,1.2180684273185478,Delta (pHSC-specific residual)
ENSG00000090530,P3H2,1.6493331920839602,1.2994111429426098,1.474372167513285,0.1749610245706752,B (shared)
ENSG00000091490,SEL1L3,1.5265662809329275,0.1806103706174671,0.8535883257751973,0.6729779551577302,B (shared)
ENSG00000091986,CCDC80,1.1016729724583545,1.1243671242672955,1.113020048362825,-0.011347075904470483,B (shared)
ENSG00000095752,IL11,4.467209230035983,2.3680078619059763,3.4176085459709795,1.0496006840650032,B (shared)
ENSG00000099204,ABLIM1,1.1725230823112418,-0.9004714858391116,0.1360257982360651,1.0364972840751767,Delta (pHSC-specific residual)
ENSG00000100234,TIMP3,2.4480945383630157,0.6270603640790862,1.537577451221051,0.9105170871419648,B (shared)
ENSG00000100626,GALNT16,1.0204306700145596,0.9452372195474821,0.9828339447810208,0.03759672523353874,B (shared)
ENSG00000101194,SLC17A9,1.343828416211934,0.4256713192810611,0.8847498677464976,0.4590785484654365,B (shared)
ENSG00000101665,SMAD7,1.0954941594790961,2.181615978229324,1.63855506885421,-0.543060909375114,B (shared)
ENSG00000102007,PLP2,1.3466764440755465,0.023670424136874146,0.6851734341062103,0.6615030099693362,B (shared)
ENSG00000102271,KLHL4,2.443682931955047,-1.2111366243533463,0.6162731538008502,1.8274097781541965,Delta (pHSC-specific residual)
ENSG00000102385,DRP2,1.2975736419255726,0.3346693207814808,0.8161214813535267,0.4814521605720459,B (shared)
ENSG00000102452,NALCN,3.143090758678585,-1.1157506189680726,1.013670069855256,2.1294206888233287,Delta (pHSC-specific residual)
ENSG00000102554,KLF5,1.5451077512692026,-0.6598007502057763,0.44265350053171315,1.1024542507374895,Delta (pHSC-specific residual)
ENSG00000103257,SLC7A5,1.4367441418889797,1.306227382368946,1.371485762128963,0.0652583797600168,B (shared)
ENSG00000103489,XYLT1,1.42605415263077,0.11969710085183477,0.7728756267413024,0.6531785258894676,B (shared)
ENSG00000104611,SH2D4A,1.1004472595432908,-0.5718024302852438,0.2643224146290235,0.8361248449142673,Delta (pHSC-specific residual)
ENSG00000104635,SLC39A14,1.3658822269376856,0.45808231317826653,0.911982270057976,0.4538999568797095,B (shared)
ENSG00000104881,PPP1R13L,2.29510960665255,0.8389717617433252,1.5670406841979376,0.7280689224546124,B (shared)
ENSG00000105088,OLFM2,1.1963014886699939,0.6721058369063061,0.93420366278815,0.2620978258818439,B (shared)
ENSG00000105971,CAV2,1.0113357487705166,-0.29493844303102446,0.35819865286974606,0.6531370959007705,Delta (pHSC-specific residual)
ENSG00000106366,SERPINE1,3.0829806574072327,2.0022585894996787,2.5426196234534557,0.540361033953777,B (shared)
ENSG00000106624,AEBP1,1.5297653872298254,1.7712264727010316,1.6504959299654285,-0.12073054273560313,B (shared)
ENSG00000107165,TYRP1,1.5313596271310996,0.1309408072803583,0.831150217205729,0.7002094099253706,B (shared)
ENSG00000107518,ATRNL1,3.1393976263670447,-0.562532540640523,1.2884325428632608,1.8509650835037839,Delta (pHSC-specific residual)
ENSG00000107731,UNC5B,1.1200839115503802,1.6353006638018215,1.3776922876761009,-0.25760837612572063,B (shared)
ENSG00000107796,ACTA2,2.9315392386890498,0.7496891724758079,1.8406142055824288,1.090925033106621,B (shared)
ENSG00000107957,SH3PXD2A,1.4105197723209386,1.1559486465816518,1.2832342094512952,0.12728556286964343,B (shared)
ENSG00000108370,RGS9,1.0962012062141766,-0.39932682808235986,0.34843718906590837,0.7477640171482682,Delta (pHSC-specific residual)
ENSG00000109738,GLRB,1.1743994097142307,-0.20767865484263393,0.4833603774357984,0.6910390322784323,Delta (pHSC-specific residual)
ENSG00000110675,ELMOD1,1.1997171493603946,-0.24439876338135713,0.47765919298951875,0.7220579563708759,Delta (pHSC-specific residual)
ENSG00000111057,KRT18,2.9253106170221903,0.8967618413540714,1.9110362291881309,1.0142743878340594,B (shared)
ENSG00000111341,MGP,2.5417097543600775,1.8597744157420286,2.2007420850510533,0.34096766930902445,B (shared)
ENSG00000111348,ARHGDIB,1.0158699383614198,-0.42517427720263345,0.2953478305793932,0.7205221077820266,Delta (pHSC-specific residual)
ENSG00000111424,VDR,1.6900887675259524,1.7959356525965804,1.7430122100612664,-0.052923442535314,B (shared)
ENSG00000111859,NEDD9,1.2492868721911,2.0111252364154737,1.6302060543032868,-0.3809191821121869,B (shared)
ENSG00000111906,HDDC2,1.032072276853591,-0.024810039030573883,0.5036311189115086,0.5284411579420825,Delta (pHSC-specific residual)
ENSG00000112218,GPR63,1.097186922525112,0.12734869573740148,0.6122678091312568,0.4849191133938553,B (shared)
ENSG00000113070,HBEGF,4.602853975642761,1.033188806594044,2.8180213911184024,1.7848325845243584,B (shared)
ENSG00000113083,LOX,1.1974941286540277,0.85701705053813,1.0272555895960789,0.17023853905794883,B (shared)
ENSG00000113578,FGF1,2.113433886383314,0.16409155148767418,1.138762718935494,0.9746711674478199,B (shared)
ENSG00000114251,WNT5A,1.1275163329730047,1.7265005923010888,1.4270084626370467,-0.29949212966404204,B (shared)
ENSG00000114268,PFKFB4,1.3290326801825243,0.9979603194497386,1.1634964998161315,0.16553618036639284,B (shared)
ENSG00000114270,COL7A1,1.449885848638953,1.4293589644330282,1.4396224065359906,0.010263442102962372,B (shared)
ENSG00000114850,SSR3,1.0059583671571293,0.5577232719994782,0.7818408195783038,0.22411754757882552,B (shared)
ENSG00000115363,EVA1A,1.6531318235187116,-0.3008724673925389,0.6761296780630863,0.9770021454556252,Delta (pHSC-specific residual)
ENSG00000115414,FN1,1.1937327736951993,2.73381567219535,1.9637742229452746,-0.7700414492500753,B (shared)
ENSG00000115419,GLS,1.3633481091767488,0.674367561545016,1.0188578353608824,0.3444902738158664,B (shared)
ENSG00000115539,PDCL3,1.096215644029075,0.2696216189345737,0.6829186314818243,0.4132970125472506,B (shared)
ENSG00000115828,QPCT,1.6953214914977595,0.6775515459675232,1.1864365187326413,0.5088849727651181,B (shared)
ENSG00000115902,SLC1A4,1.424607637165491,-0.1914051906190002,0.6166012232732454,0.8080064138922456,Delta (pHSC-specific residual)
ENSG00000116117,PARD3B,1.3869097162963926,-0.8190179816031717,0.2839458673466104,1.1029638489497822,Delta (pHSC-specific residual)
ENSG00000116183,PAPPA2,1.1487426432494483,-0.216054929987068,0.46634385663119016,0.6823987866182581,Delta (pHSC-specific residual)
ENSG00000116285,ERRFI1,1.855726818597737,-0.599463648626835,0.628131584985451,1.227595233612286,Delta (pHSC-specific residual)
ENSG00000116704,SLC35D1,1.0056125091339112,0.07165942338744546,0.5386359662606783,0.46697654287323287,B (shared)
ENSG00000116833,NR5A2,1.5198771380616742,-1.1741989007590392,0.1728391186513175,1.3470380194103568,Delta (pHSC-specific residual)
ENSG00000117069,ST6GALNAC5,1.1135390897205781,-0.2626778675421464,0.42543061108921587,0.6881084786313623,Delta (pHSC-specific residual)
ENSG00000117143,UAP1,1.3491557605170224,-0.0415556649776736,0.6538000477696744,0.695355712747348,Delta (pHSC-specific residual)
ENSG00000117228,GBP1,1.5395540996360726,0.2923831370354071,0.9159686183357398,0.6235854813003328,B (shared)
ENSG00000117519,CNN3,1.1284417831777507,0.34181375996607954,0.7351277715719151,0.39331401160583557,B (shared)
ENSG00000117525,F3,1.2406940186399007,-0.8968107989720515,0.1719416098339246,1.068752408805976,Delta (pHSC-specific residual)
ENSG00000117586,TNFSF4,1.0055051157573658,-0.7747487609067196,0.11537817742532308,0.8901269383320427,Delta (pHSC-specific residual)
ENSG00000117877,POLR1G,1.078233129695727,1.2695865797755914,1.1739098547356592,-0.09567672503993219,B (shared)
ENSG00000118523,CCN2,2.422593963495559,2.161428480108567,2.292011221802063,0.13058274169349593,B (shared)
ENSG00000118785,SPP1,1.710166228898037,-0.8737641217072172,0.41820105359540993,1.2919651753026271,Delta (pHSC-specific residual)
ENSG00000119636,BBOF1,1.1739199943611682,-0.014567910520549177,0.5796760419203095,0.5942439524408587,Delta (pHSC-specific residual)
ENSG00000119681,LTBP2,1.2400179192068084,2.1721289400707158,1.706073429638762,-0.4660555104319537,B (shared)
ENSG00000120708,TGFBI,1.494691178288825,3.284010600277358,2.3893508892830915,-0.8946597109942664,B (shared)
ENSG00000120913,PDLIM2,1.1486901000896195,-0.12606951982108816,0.5113102901342657,0.6373798099553538,Delta (pHSC-specific residual)
ENSG00000121236,TRIM6,1.4158150998611303,-0.5031548760963336,0.45633011188239836,0.9594849879787319,Delta (pHSC-specific residual)
ENSG00000122641,INHBA,3.8794849465189305,1.464392529820576,2.6719387381697532,1.2075462083491773,B (shared)
ENSG00000122644,ARL4A,1.5625856661395976,-0.5657123530421595,0.49843665654871905,1.0641490095908785,Delta (pHSC-specific residual)
ENSG00000122786,CALD1,1.387449065769582,1.2299006894319273,1.3086748776007546,0.07877418816882731,B (shared)
ENSG00000122877,EGR2,3.035873586847237,4.049652563719742,3.5427630752834895,-0.5068894884362525,B (shared)
ENSG00000124225,PMEPA1,1.8030289203067387,5.419488436095523,3.6112586782011307,-1.808229757894392,B (shared)
ENSG00000125753,VASP,1.0244062002844387,0.13937718243606945,0.5818916913602541,0.44251450892418465,B (shared)
ENSG00000127124,HIVEP3,1.1756320805145113,0.943323261749546,1.0594776711320286,0.11615440938248267,B (shared)
ENSG00000127329,PTPRB,1.5445518669808005,-0.417598492915368,0.5634766870327163,0.9810751799480842,Delta (pHSC-specific residual)
ENSG00000127507,ADGRE2,1.3471658175155599,-0.10290928023093329,0.6221282686423133,0.7250375488732466,Delta (pHSC-specific residual)
ENSG00000128342,LIF,2.7125455836879704,2.8184055498294494,2.7654755667587096,-0.052929983070739484,B (shared)
ENSG00000128487,SPECC1,1.3997887566887863,0.7008772983398419,1.0503330275143141,0.3494557291744722,B (shared)
ENSG00000129116,PALLD,1.316038401379375,0.9316408834613075,1.1238396424203412,0.1921987589590337,B (shared)
ENSG00000130176,CNN1,2.7859190326906855,0.292479290171483,1.5391991614310843,1.2467198712596013,B (shared)
ENSG00000130477,UNC13A,1.3330635514672262,0.3486847938925528,0.8408741726798895,0.4921893787873367,B (shared)
ENSG00000130635,COL5A1,1.051015108168329,2.2397030821781314,1.6453590951732302,-0.5943439870049012,B (shared)
ENSG00000130707,ASS1,1.2161874431197361,-0.49268747988072814,0.361749981619504,0.8544374615002321,Delta (pHSC-specific residual)
ENSG00000130720,FIBCD1,1.0024816660747922,0.07692932092776328,0.5397054935012777,0.46277617257351444,B (shared)
ENSG00000131015,ULBP2,1.2451961061098136,0.2593461315173857,0.7522711188135996,0.4929249872962139,B (shared)
ENSG00000131018,SYNE1,1.5904525289050282,1.0264277951276926,1.3084401620163604,0.2820123668886678,B (shared)
ENSG00000131236,CAP1,1.0203500389072087,0.26081017077712865,0.6405801048421687,0.37976993406504,B (shared)
ENSG00000131773,KHDRBS3,1.2346647144303913,-0.6071047777554028,0.3137799683374942,0.920884746092897,Delta (pHSC-specific residual)
ENSG00000132031,MATN3,1.1829644124871495,1.1016457994698758,1.1423051059785125,0.040659306508636806,B (shared)
ENSG00000132334,PTPRE,2.8131862477329337,1.3215469232869523,2.067366585509943,0.7458196622229907,B (shared)
ENSG00000132359,RAP1GAP2,1.1497520293206422,0.5459355996272395,0.8478438144739409,0.3019082148467014,B (shared)
ENSG00000132429,POPDC3,1.2209793659023656,0.05805254326528697,0.6395159545838263,0.5814634113185393,B (shared)
ENSG00000132530,XAF1,1.0684386785727105,0.005494410771460956,0.5369665446720857,0.5314721339006248,B (shared)
ENSG00000132854,KANK4,3.0481057146021855,1.7683088584039757,2.408207286503081,0.6398984280991049,B (shared)
ENSG00000133816,MICAL2,1.9782791464168863,1.8279106293518863,1.9030948878843863,0.07518425853249999,B (shared)
ENSG00000134107,BHLHE40,1.0690021631728355,2.621632642224979,1.8453174026989072,-0.7763152395260717,B (shared)
ENSG00000134198,TSPAN2,5.530036452116713,1.1756900069213407,3.352863229519027,2.177173222597686,B (shared)
ENSG00000134363,FST,1.0751007207631655,-1.380619136168042,-0.15275920770243823,1.2278599284656038,Delta (pHSC-specific residual)
ENSG00000134668,SPOCD1,1.7567642730657003,-0.00789649285535532,0.8744338901051725,0.8823303829605278,Delta (pHSC-specific residual)
ENSG00000134871,COL4A2,1.2691784347657418,1.4190817522611603,1.344130093513451,-0.07495165874770926,B (shared)
ENSG00000135048,CEMIP2,1.8532592366541358,0.9300501237274945,1.3916546801908152,0.46160455646332066,B (shared)
ENSG00000135074,ADAM19,2.763655822155923,1.7756106469860695,2.269633234570996,0.4940225875849267,B (shared)
ENSG00000135312,HTR1B,1.268727872031858,-0.03869171482997169,0.6150180786009432,0.6537097934309148,Delta (pHSC-specific residual)
ENSG00000135362,PRR5L,2.2053631507419897,1.327859602223525,1.7666113764827573,0.4387517742592324,B (shared)
ENSG00000135424,ITGA7,2.7043940942452123,-1.216456413748741,0.7439688402482356,1.9604252539969766,Delta (pHSC-specific residual)
ENSG00000135480,KRT7,2.0734145386141716,0.842174591973055,1.4577945652936133,0.6156199733205583,B (shared)
ENSG00000135636,DYSF,2.6156909225251757,0.19407142230219154,1.4048811724136836,1.210809750111492,B (shared)
ENSG00000135919,SERPINE2,2.1537871942479567,2.1262009371011557,2.139994065674556,0.013793128573400537,B (shared)
ENSG00000136068,FLNB,2.195038156611668,0.2502711270435398,1.2226546418276039,0.972383514784064,B (shared)
ENSG00000136153,LMO7,1.7981662828767213,-0.4054733907739374,0.696346446051392,1.1018198368253294,Delta (pHSC-specific residual)
ENSG00000136404,TM6SF1,1.3241407426707705,-0.10908688918465276,0.6075269267430589,0.7166138159277117,Delta (pHSC-specific residual)
ENSG00000136492,BRIP1,1.5761188858179982,-0.07633273392677875,0.7498930759456097,0.8262258098723885,Delta (pHSC-specific residual)
ENSG00000136603,SKIL,1.5104941018207212,2.0049516610820453,1.7577228814513832,-0.24722877963066203,B (shared)
ENSG00000136928,GABBR2,1.0014232402118375,-0.5271841305631874,0.23711955482432506,0.7643036853875125,Delta (pHSC-specific residual)
ENSG00000137124,ALDH1B1,2.4934199276497586,0.2821292232677486,1.3877745754587536,1.105645352191005,B (shared)
ENSG00000137507,LRRC32,1.1672073287555804,0.7965940570325625,0.9819006928940714,0.18530663586150897,B (shared)
ENSG00000137801,THBS1,1.8488383889345261,2.905511704866349,2.3771750469004376,-0.5283366579659114,B (shared)
ENSG00000137807,KIF23,1.28615954003079,-0.26124094344257554,0.5124592982941072,0.7737002417366827,Delta (pHSC-specific residual)
ENSG00000137809,ITGA11,1.1550515055432298,0.1116216415784752,0.6333365735608525,0.5217149319823773,B (shared)
ENSG00000138311,ZNF365,2.557289039880242,0.9678216020574064,1.7625553209688243,0.7947337189114179,B (shared)
ENSG00000138448,ITGAV,1.6556240974181815,1.4444234758623251,1.5500237866402533,0.1056003107779282,B (shared)
ENSG00000138623,SEMA7A,4.500460115529429,0.0,2.2502300577647145,2.2502300577647145,Delta (pHSC-specific residual)
ENSG00000139083,ETV6,1.1064478925439385,0.7198366831434733,0.9131422878437059,0.19330560470023261,B (shared)
ENSG00000139116,KIF21A,1.5047155933407956,-0.07155936410950048,0.7165781146156476,0.788137478725148,Delta (pHSC-specific residual)
ENSG00000139174,PRICKLE1,1.1854538323634403,-0.18523894443967315,0.5001074439618836,0.6853463884015567,Delta (pHSC-specific residual)
ENSG00000139211,AMIGO2,4.505137400813444,1.9776598544656752,3.2413986276395597,1.2637387731738845,B (shared)
ENSG00000139269,INHBE,2.081989760245496,0.40034346964394985,1.241166614944723,0.8408231453007731,B (shared)
ENSG00000139514,SLC7A1,1.4552145448348277,0.3508611651491371,0.9030378549919824,0.5521766898428453,B (shared)
ENSG00000139734,DIAPH3,1.3781582268072288,-0.21071439552913773,0.5837219156390455,0.7944363111681833,Delta (pHSC-specific residual)
ENSG00000139926,FRMD6,1.8539082657051607,1.477234352018547,1.6655713088618538,0.18833695684330687,B (shared)
ENSG00000140092,FBLN5,1.9592485948889262,0.8082545070635905,1.3837515509762583,0.5754970439126679,B (shared)
ENSG00000140416,TPM1,3.095033366375839,1.6650755380242863,2.3800544522000626,0.7149789141757763,B (shared)
ENSG00000140443,IGF1R,1.2353814025292094,0.9486358948872811,1.0920086487082452,0.14337275382096415,B (shared)
ENSG00000141052,MYOCD,1.8742895164651723,1.4117467943163686,1.6430181553907706,0.23127136107440183,B (shared)
ENSG00000142871,CCN1,2.212017758963005,0.41457460821102643,1.3132961835870156,0.8987215753759892,B (shared)
ENSG00000143061,IGSF3,1.4858375605597338,0.6115754162673341,1.048706488413534,0.43713107214619984,B (shared)
ENSG00000143179,UCK2,1.3450448176304697,1.6441501274008683,1.494597472515669,-0.1495526548851993,B (shared)
ENSG00000143195,ILDR2,1.7730930937252618,-0.8450615708258473,0.46401576144970724,1.3090773322755545,Delta (pHSC-specific residual)
ENSG00000143367,TUFT1,2.4582260982053734,1.3397395387185353,1.8989828184619544,0.559243279743419,B (shared)
ENSG00000143473,KCNH1,3.534069127017095,1.576995363267426,2.5555322451422606,0.9785368818748346,B (shared)
ENSG00000144583,MARCHF4,1.0989423609751485,0.6076478160804104,0.8532950885277795,0.24564727244736906,B (shared)
ENSG00000144645,OSBPL10,2.2227154955008714,-0.9439025550655833,0.6394064702176441,1.5833090252832274,Delta (pHSC-specific residual)
ENSG00000144810,COL8A1,1.7552160703246669,-0.9718847346232113,0.39166566785072776,1.363550402473939,Delta (pHSC-specific residual)
ENSG00000144824,PHLDB2,1.193239387054934,-0.170789400000527,0.5112249935272035,0.6820143935277305,Delta (pHSC-specific residual)
ENSG00000144891,AGTR1,1.0706517229127301,-0.06684245442315961,0.5019046342447853,0.5687470886679449,Delta (pHSC-specific residual)
ENSG00000144893,MED12L,1.2964548018007682,0.11498668641822807,0.7057207441094981,0.5907340576912701,B (shared)
ENSG00000145040,UCN2,1.6671630519732645,0.9895949919421585,1.3283790219577116,0.338784030015553,B (shared)
ENSG00000145431,PDGFC,1.2186906263559116,0.31181366068984406,0.7652521435228778,0.4534384828330338,B (shared)
ENSG00000145536,ADAMTS16,1.5585455468122436,1.1670301965999945,1.362787871706119,0.19575767510612452,B (shared)
ENSG00000145819,ARHGAP26,1.333842900087674,-0.586209644733156,0.373816627677259,0.9600262724104149,Delta (pHSC-specific residual)
ENSG00000146122,DAAM2,1.2203607612298357,0.4269792993194186,0.8236700302746272,0.39669073095520857,B (shared)
ENSG00000146197,SCUBE3,1.1447033932964796,-0.2137242220418077,0.465489585627336,0.6792138076691436,Delta (pHSC-specific residual)
ENSG00000146950,SHROOM2,1.6857622373952172,0.8180228867817196,1.2518925620884684,0.4338696753067488,B (shared)
ENSG00000147041,SYTL5,2.715139906666661,-0.043896813298977724,1.3356215466838417,1.3795183599828194,Delta (pHSC-specific residual)
ENSG00000147650,LRP12,1.1645448992936922,0.48028448056017936,0.8224146899269358,0.3421302093667564,B (shared)
ENSG00000148120,AOPEP,1.1927242711532156,-0.12732980946638506,0.5326972308434152,0.6600270403098003,Delta (pHSC-specific residual)
ENSG00000148677,ANKRD1,4.274674450773593,0.2481516360579894,2.261413043415791,2.0132614073578017,B (shared)
ENSG00000148848,ADAM12,2.6227145672937953,0.5252400838112834,1.5739773255525393,1.048737241741256,B (shared)
ENSG00000149591,TAGLN,2.1796677159168762,1.6539309759004857,1.916799345908681,0.2628683700081953,B (shared)
ENSG00000149596,JPH2,3.2371357966875056,0.24660705750654088,1.7418714270970233,1.4952643695904824,B (shared)
ENSG00000150054,MPP7,1.1072365244769995,-0.04777541879330549,0.529730552841847,0.5775059716351525,Delta (pHSC-specific residual)
ENSG00000150093,ITGB1,1.1548784150342168,0.7176759474306227,0.9362771812324198,0.21860123380179708,B (shared)
ENSG00000150551,LYPD1,2.208458780600412,-0.5296719275779465,0.8393934265112328,1.3690653540891793,Delta (pHSC-specific residual)
ENSG00000150687,PRSS23,1.3708077586365377,0.22811681998384792,0.7994622893101928,0.5713454693263449,B (shared)
ENSG00000150938,CRIM1,1.64274069210368,-0.3097580667686852,0.6664913126674974,0.9762493794361826,Delta (pHSC-specific residual)
ENSG00000151414,NEK7,1.8134766720185427,-0.0188859573421567,0.897295357338193,0.9161813146803497,Delta (pHSC-specific residual)
ENSG00000151718,WWC2,1.0236929896280387,0.05591355056528968,0.5398032700966642,0.4838897195313745,B (shared)
ENSG00000151726,ACSL1,1.2583632331368158,-0.16292999588045287,0.5477166186281814,0.7106466145086343,Delta (pHSC-specific residual)
ENSG00000151967,SCHIP1,1.492294863675165,-0.08890594976705302,0.701694456954056,0.790600406721109,Delta (pHSC-specific residual)
ENSG00000152377,SPOCK1,3.0038306938918544,1.0514237321673612,2.027627213029608,0.9762034808622466,B (shared)
ENSG00000152402,GUCY1A2,1.7459417790994718,-0.4875735787195624,0.6291841001899547,1.116757678909517,Delta (pHSC-specific residual)
ENSG00000152684,PELO,1.1305648655121603,0.16296905887104884,0.6467669621916046,0.4837979033205557,B (shared)
ENSG00000152689,RASGRP3,1.9566286625787188,-1.1413999901041614,0.4076143362372787,1.5490143263414402,Delta (pHSC-specific residual)
ENSG00000152952,PLOD2,1.3689891867436312,1.325606284512089,1.3472977356278601,0.021691451115771088,B (shared)
ENSG00000153904,DDAH1,2.1810501599943484,-0.32153749609559146,0.9297563319493785,1.25129382804497,Delta (pHSC-specific residual)
ENSG00000154122,ANKH,1.8732724251503337,-0.27033241338284064,0.8014700058837465,1.0718024192665871,Delta (pHSC-specific residual)
ENSG00000154380,ENAH,1.3423694218932205,-0.27812981852638075,0.5321198016834199,0.8102496202098006,Delta (pHSC-specific residual)
ENSG00000154556,SORBS2,1.6477966115205611,0.8942629502193509,1.271029780869956,0.3767668306506051,B (shared)
ENSG00000154642,C21orf91,1.1283786729303076,0.03597989705685656,0.5821792849935821,0.5461993879367255,B (shared)
ENSG00000154654,NCAM2,1.157879753390593,-0.11410278608694391,0.5218884836518245,0.6359912697387684,Delta (pHSC-specific residual)
ENSG00000155304,HSPA13,1.087237667046928,0.060604110893542895,0.5739208889702354,0.5133167780766925,B (shared)
ENSG00000155903,RASA2,1.2046907396625004,-0.001698437213106807,0.6014961512246968,0.6031945884378036,Delta (pHSC-specific residual)
ENSG00000155980,KIF5A,1.0876221179058239,0.31480158128996427,0.7012118495978941,0.3864102683079298,B (shared)
ENSG00000156265,MAP3K7CL,2.8457075836989647,1.0260234193979718,1.9358655015484683,0.9098420821504964,B (shared)
ENSG00000156453,PCDH1,1.014086346216335,1.4654264307004057,1.2397563884583702,-0.22567004224203535,B (shared)
ENSG00000156466,GDF6,2.8765728485871898,1.0809183533402207,1.9787456009637052,0.8978272476234845,B (shared)
ENSG00000157214,STEAP2,2.3710170318397314,0.19721510849522872,1.28411607016748,1.0869009616722514,B (shared)
ENSG00000158186,MRAS,1.0774594990947035,0.4324051803428004,0.754932339718752,0.32252715937595156,B (shared)
ENSG00000158352,SHROOM4,1.2805959592896254,0.28434889149804254,0.782472425393834,0.49812353389579145,B (shared)
ENSG00000159176,CSRP1,1.2306408860034672,0.060434422316604675,0.645537654160036,0.5851032318434313,B (shared)
ENSG00000159251,ACTC1,4.588361672093762,1.3125419143897055,2.950451793241734,1.637909878852028,B (shared)
ENSG00000159363,ATP13A2,1.1365551723491158,0.24317982240317892,0.6898674973761474,0.44668767497296846,B (shared)
ENSG00000161647,MPP3,1.3043678426310925,0.2709806662898533,0.7876742544604729,0.5166935881706196,B (shared)
ENSG00000162390,ACOT11,1.005886568278053,-0.010340298166430895,0.497773135055811,0.5081134332222419,Delta (pHSC-specific residual)
ENSG00000162490,DRAXIN,2.391153429732027,0.09894357390023208,1.2450485018161295,1.1461049279158975,B (shared)
ENSG00000162591,MEGF6,1.1895779465227605,-0.27144789248776746,0.4590650270174965,0.730512919505264,Delta (pHSC-specific residual)
ENSG00000162702,ZNF281,1.4186695636068656,0.3634408270026732,0.8910551953047694,0.5276143683020962,B (shared)
ENSG00000162772,ATF3,1.067283755033753,0.8404084100436426,0.9538460825386978,0.11343767249505521,B (shared)
ENSG00000162849,KIF26B,1.129522802440774,0.537510331768288,0.833516567104531,0.296006235336243,B (shared)
ENSG00000163017,ACTG2,1.5792235917030455,0.11993905707354457,0.849581324388295,0.7296422673147505,B (shared)
ENSG00000163110,PDLIM5,1.9020815922177716,-0.25231896212075267,0.8248813150485095,1.0772002771692621,Delta (pHSC-specific residual)
ENSG00000163171,CDC42EP3,1.5995385843308263,-0.575430241859987,0.5120541712354196,1.0874844130954067,Delta (pHSC-specific residual)
ENSG00000163347,CLDN1,1.0674526195828662,-0.189265604736367,0.4390935074232496,0.6283591121596166,Delta (pHSC-specific residual)
ENSG00000163431,LMOD1,1.9889042875654033,-0.8722222534934848,0.5583410170359593,1.430563270529444,Delta (pHSC-specific residual)
ENSG00000163453,IGFBP7,1.6786321280653338,0.6410479715481205,1.1598400498067272,0.5187920782586066,B (shared)
ENSG00000163827,LRRC2,1.0333337255600423,-0.8398219897236958,0.09675586791817326,0.9365778576418691,Delta (pHSC-specific residual)
ENSG00000164023,SGMS2,1.2547287106391374,-0.7262791855212543,0.26422476255894156,0.9905039480801958,Delta (pHSC-specific residual)
ENSG00000164066,INTU,1.4347495427569896,-0.07622268612346961,0.67926342831676,0.7554861144402296,Delta (pHSC-specific residual)
ENSG00000164176,EDIL3,1.3457671400553801,-0.19416412277456896,0.5758015086404056,0.7699656314149745,Delta (pHSC-specific residual)
ENSG00000164647,STEAP1,1.5332986099196129,0.19777020640389642,0.8655344081617546,0.6677642017578582,B (shared)
ENSG00000165105,RASEF,1.2387113564134382,0.69833479938881,0.9685230779011241,0.2701882785123141,B (shared)
ENSG00000165169,DYNLT3,1.4331810773952522,-0.12488017384892203,0.6541504517731651,0.7790306256220871,Delta (pHSC-specific residual)
ENSG00000165323,FAT3,2.515321800919354,0.08690333984894405,1.301112570384149,1.214209230535205,B (shared)
ENSG00000165521,EML5,1.8290847572260716,-0.44296256177609505,0.6930610977249883,1.1360236595010833,Delta (pHSC-specific residual)
ENSG00000165732,DDX21,1.02543263202638,0.5989251333682217,0.8121788826973009,0.21325374932907915,B (shared)
ENSG00000165996,HACD1,1.611615890557967,-0.2679411430246401,0.6718373737666634,0.9397785167913035,Delta (pHSC-specific residual)
ENSG00000166002,SMCO4,1.2767847725012864,-0.1321340363201582,0.5723253680905641,0.7044594044107223,Delta (pHSC-specific residual)
ENSG00000166451,CENPN,1.3329047786076926,0.2024907968618388,0.7676977877347657,0.5652069908729269,B (shared)
ENSG00000166483,WEE1,1.062365879012086,-0.13131655401257802,0.465524662499754,0.596841216512332,Delta (pHSC-specific residual)
ENSG00000166562,SEC11C,1.0964835745079666,0.724084073880741,0.9102838241943538,0.1861997503136128,B (shared)
ENSG00000166741,NNMT,2.3971770859299983,1.6658213152514474,2.031499200590723,0.3656778853392755,B (shared)
ENSG00000166897,ELFN2,1.1396889126337149,-1.1829051658853729,-0.021608126625829005,1.1612970392595439,Delta (pHSC-specific residual)
ENSG00000166923,GREM1,1.9156905368941963,0.04626643212680401,0.9809784845105002,0.9347120523836961,B (shared)
ENSG00000168389,MFSD2A,1.0043401204497222,0.17918548756167985,0.591762804005701,0.4125773164440212,B (shared)
ENSG00000168675,LDLRAD4,1.2812741649222126,0.4809715938489787,0.8811228793855956,0.40015128553661694,B (shared)
ENSG00000168685,IL7R,1.652700191067889,-0.16445693164086794,0.7441216297135105,0.9085785613543784,Delta (pHSC-specific residual)
ENSG00000169026,SLC49A3,1.1238759299869057,0.19032325049955573,0.6570995902432307,0.46677633974367494,B (shared)
ENSG00000169213,RAB3B,2.0131499307721796,0.09334766879646494,1.0532487997843223,0.9599011309878573,B (shared)
ENSG00000169429,CXCL8,1.3718065187304378,-1.6244986515965274,-0.1263460664330448,1.4981525851634827,Delta (pHSC-specific residual)
ENSG00000169432,SCN9A,1.598236968669279,0.4764529902780881,1.0373449794736835,0.5608919891955955,B (shared)
ENSG00000169756,LIMS1,1.5722346802972096,1.0001411240479712,1.2861879021725904,0.2860467781246192,B (shared)
ENSG00000169764,UGP2,1.081807639959024,0.10999288079854885,0.5959002603787864,0.48590737958023755,B (shared)
ENSG00000169857,AVEN,1.1570964853285846,0.6743401737475083,0.9157183295380464,0.24137815579053812,B (shared)
ENSG00000169946,ZFPM2,1.7361473839859065,0.08195147936251646,0.9090494316742115,0.827097952311695,B (shared)
ENSG00000170390,DCLK2,1.6594828096086567,-0.7034451032645679,0.4780188531720444,1.1814639564366123,Delta (pHSC-specific residual)
ENSG00000170396,ZNF804A,1.0065646260347987,-0.6285390441531589,0.1890127909408199,0.8175518350939788,Delta (pHSC-specific residual)
ENSG00000170485,NPAS2,1.2443005030570822,-0.04072273537235915,0.6017888838423615,0.6425116192147207,Delta (pHSC-specific residual)
ENSG00000170500,LONRF2,2.3058270768705875,-0.9107126004640991,0.6975572382032442,1.6082698386673433,Delta (pHSC-specific residual)
ENSG00000170558,CDH2,2.8631335021446,1.1652809380144795,2.01420722007954,0.8489262820650603,B (shared)
ENSG00000170681,CAVIN4,2.330936688081007,0.4086398844011687,1.369788286241088,0.9611484018399192,B (shared)
ENSG00000171476,HOPX,2.686063449067386,-0.7104459182732501,0.9878087653970679,1.698254683670318,Delta (pHSC-specific residual)
ENSG00000171604,CXXC5,1.2220738699339435,0.45199169705629627,0.8370327834951199,0.3850410864388236,B (shared)
ENSG00000171617,ENC1,1.6217285607705056,0.07190674724351265,0.8468176540070091,0.7749109067634965,B (shared)
ENSG00000171621,SPSB1,1.3642860710477835,1.8750262925574175,1.6196561818026005,-0.25537011075481697,B (shared)
ENSG00000171793,CTPS1,2.4760113664628394,0.3730580988457781,1.4245347326543087,1.0514766338085306,B (shared)
ENSG00000171812,COL8A2,2.1604240856180548,-0.007129637384186593,1.076647224116934,1.0837768615011207,Delta (pHSC-specific residual)
ENSG00000171877,FRMD5,1.3622369597778863,0.1554465871860664,0.7588417734819763,0.6033951862959099,B (shared)
ENSG00000171889,MIR31HG,2.93912926191267,0.3977130092117189,1.6684211355621945,1.2707081263504756,B (shared)
ENSG00000171914,TLN2,1.3272806878888295,-0.09315040858888946,0.61706513964997,0.7102155482388595,Delta (pHSC-specific residual)
ENSG00000171992,SYNPO,1.0864852476681062,0.47421923660697374,0.78035224213754,0.3061330055305662,B (shared)
ENSG00000172061,LRRC15,1.4281967652412972,3.3477771424768465,2.387986953859072,-0.9597901886177747,B (shared)
ENSG00000172260,NEGR1,2.3489292406905866,0.17419083491309806,1.2615600378018423,1.0873692028887443,B (shared)
ENSG00000172965,MIR4435-2HG,1.2480380566588591,0.6990874767371889,0.973562766698024,0.27447528996083514,B (shared)
ENSG00000173210,ABLIM3,1.0239460622855745,-0.46296876191254555,0.2804886501865145,0.74345741209906,Delta (pHSC-specific residual)
ENSG00000173391,OLR1,1.7627023906157089,-0.10427384212692814,0.8292142742443904,0.9334881163713185,Delta (pHSC-specific residual)
ENSG00000173641,HSPB7,1.5176106689461073,0.034677128921124296,0.7761438989336158,0.7414667700124915,B (shared)
ENSG00000173868,PHOSPHO1,1.3260731390941052,0.2149371671704854,0.7705051531322953,0.5555679859618099,B (shared)
ENSG00000174099,MSRB3,1.39486107439952,-0.12858751124846002,0.63313678157553,0.76172429282399,Delta (pHSC-specific residual)
ENSG00000174749,FAM241A,1.2238389625961354,0.2600325105227892,0.7419357365594623,0.4819032260366731,B (shared)
ENSG00000174945,AMZ1,3.4365476090250926,0.4707373580688077,1.9536424835469501,1.4829051254781425,B (shared)
ENSG00000175084,DES,3.4769324223807865,-0.0014817406053884985,1.737725340887699,1.7392070814930876,Delta (pHSC-specific residual)
ENSG00000175183,CSRP2,1.5045955332404723,-0.038646859275215384,0.7329743369826285,0.7716211962578439,Delta (pHSC-specific residual)
ENSG00000175352,NRIP3,1.1981744234676612,-0.3911234045988805,0.40352550943439036,0.7946489140332709,Delta (pHSC-specific residual)
ENSG00000176170,SPHK1,1.9260256354305199,1.6747617098272887,1.8003936726289043,0.1256319628016156,B (shared)
ENSG00000176399,DMRTA1,1.0768714920868752,-0.44133759602033695,0.3177669480332691,0.7591045440536061,Delta (pHSC-specific residual)
ENSG00000176595,KBTBD11,1.080120246245563,0.0,0.5400601231227815,0.5400601231227815,Delta (pHSC-specific residual)
ENSG00000176658,MYO1D,1.7939617509587324,0.33594203384169763,1.064951892400215,0.7290098585585174,B (shared)
ENSG00000176907,TCIM,1.1832616941662035,0.021434509693675594,0.6023481019299396,0.5809135922362639,B (shared)
ENSG00000176915,ANKLE2,1.219413219495265,0.1241216489766277,0.6717674342359463,0.5476457852593186,B (shared)
ENSG00000177283,FZD8,2.294159207164249,-0.13302502993592302,1.080567088614163,1.213592118550086,Delta (pHSC-specific residual)
ENSG00000177425,PAWR,2.5623944698244356,1.0164110759521652,1.7894027728883004,0.7729916969361352,B (shared)
ENSG00000177822,TENM3-AS1,1.78402657228615,0.37859840237294384,1.081312487329547,0.702714084956603,B (shared)
ENSG00000179361,ARID3B,1.274535953959443,-0.531091461984674,0.37172224598738446,0.9028137079720585,Delta (pHSC-specific residual)
ENSG00000179715,PCED1B,2.1077632311635632,0.36710716810105803,1.2374351996323107,0.8703280315312526,B (shared)
ENSG00000179841,AKAP5,2.952986256733081,-0.28976867538879825,1.3316087906721414,1.6213774660609397,Delta (pHSC-specific residual)
ENSG00000180914,OXTR,1.9656998616353423,-0.09937231426564708,0.9331637736848476,1.0325360879504948,Delta (pHSC-specific residual)
ENSG00000181619,GPR135,1.1233026918037523,0.03243206664649456,0.5778673792251234,0.5454353125786289,B (shared)
ENSG00000182010,RTKN2,2.4682320716144552,0.7610362769926837,1.6146341743035695,0.8535978973108858,B (shared)
ENSG00000182022,CHST15,2.0014604466907917,0.1226220821118873,1.0620412644013395,0.9394191822894522,B (shared)
ENSG00000182492,BGN,2.497278008863384,1.038442228667634,1.767860118765509,0.7294178900978749,B (shared)
ENSG00000182667,NTM,1.2650883661520993,0.8328734105991344,1.0489808883756169,0.21610747777648243,B (shared)
ENSG00000182985,CADM1,1.5139195586838703,-0.14693412254302762,0.6834927180704213,0.830426840613449,Delta (pHSC-specific residual)
ENSG00000183049,CAMK1D,1.5352057408398323,0.45096373584587646,0.9930847383428544,0.5421210024969779,B (shared)
ENSG00000183386,FHL3,1.0965303435728044,1.4848549621410463,1.2906926528569254,-0.19416230928412093,B (shared)
ENSG00000183578,TNFAIP8L3,1.268883444298218,0.2846125039895462,0.7767479741438821,0.4921354701543359,B (shared)
ENSG00000183671,CMKLR2,1.9866385173281198,-0.0021962794458365714,0.9922211189411416,0.9944173983869782,Delta (pHSC-specific residual)
ENSG00000183688,RFLNB,1.591587829986814,0.3786112725501919,0.985099551268503,0.606488278718311,B (shared)
ENSG00000183715,OPCML,1.8963456021908818,1.7739866909532689,1.8351661465720754,0.061179455618806444,B (shared)
ENSG00000184995,IFNE,2.181622717809115,0.11895147933923944,1.1502870985741773,1.0313356192349379,B (shared)
ENSG00000185420,SMYD3,1.2610598911793476,-0.48796990451091915,0.3865449933342142,0.8745148978451334,Delta (pHSC-specific residual)
ENSG00000185477,GPRIN3,1.3894399010660905,0.14263974034429683,0.7660398207051937,0.6234000803608968,B (shared)
ENSG00000186088,GSAP,1.3859182863793045,-0.8055579183037689,0.2901801840377678,1.0957381023415367,Delta (pHSC-specific residual)
ENSG00000186340,THBS2,2.0938539578066875,0.3969989910250771,1.2454264744158823,0.8484274833908052,B (shared)
ENSG00000187068,C3orf70,1.058529772347375,-0.056209049723042526,0.5011603613121662,0.5573694110352088,Delta (pHSC-specific residual)
ENSG00000187498,COL4A1,1.8808218846508655,2.1800001901150132,2.0304110373829394,-0.14958915273207385,B (shared)
ENSG00000196083,IL1RAP,2.014445693452463,0.5032810221391428,1.2588633577958028,0.75558233565666,B (shared)
ENSG00000196110,ZNF699,1.0606399114224643,-0.3442751872261569,0.3581823620981537,0.7024575493243106,Delta (pHSC-specific residual)
ENSG00000196876,SCN8A,1.0230191327670566,-0.38919214053956086,0.31691349611374786,0.7061056366533087,Delta (pHSC-specific residual)
ENSG00000196950,SLC39A10,1.101736495507021,0.17389952340013348,0.6378180094535773,0.46391848605344377,B (shared)
ENSG00000197385,ZNF860,1.6843512837445775,-0.3166604049542655,0.6838454393951561,1.0005058443494215,Delta (pHSC-specific residual)
ENSG00000197415,VEPH1,1.310196290547906,-0.0030153929576934857,0.6535904487951063,0.6566058417527998,Delta (pHSC-specific residual)
ENSG00000197461,PDGFA,1.7082738271937399,1.27369076490199,1.490982296047865,0.21729153114587496,B (shared)
ENSG00000197555,SIPA1L1,1.5783694601846232,0.28028944808426726,0.9293294541344452,0.649040006050178,B (shared)
ENSG00000197646,PDCD1LG2,2.4800194899696804,-0.1871589922284862,1.146430248870597,1.3335892410990833,Delta (pHSC-specific residual)
ENSG00000197860,SGTB,1.2258566342485855,0.09728440428165186,0.6615705192651187,0.5642861149834668,B (shared)
ENSG00000197905,TEAD4,1.6665166779459581,-0.0862642996872518,0.7901261891293532,0.876390488816605,Delta (pHSC-specific residual)
ENSG00000198108,CHSY3,1.5168787029727482,0.25534427993725606,0.8861114914550021,0.6307672115177461,B (shared)
ENSG00000198478,SH3BGRL2,1.6311361627335987,-0.011543756043653985,0.8097962033449724,0.8213399593886264,Delta (pHSC-specific residual)
ENSG00000198542,ITGBL1,2.6767300626112465,-1.3872430652481444,0.644743498681551,2.0319865639296957,Delta (pHSC-specific residual)
ENSG00000198768,APCDD1L,2.397242178934182,1.455316791401771,1.9262794851679765,0.4709626937662055,B (shared)
ENSG00000198796,ALPK2,1.4670119410986695,1.6541646959626846,1.560588318530677,-0.09357637743200753,B (shared)
ENSG00000198947,DMD,1.7775604344620453,1.2698126405668568,1.523686537514451,0.2538738969475942,B (shared)
ENSG00000203721,LINC00862,3.1437287257470707,0.46720612803354455,1.8054674268903077,1.338261298856763,B (shared)
ENSG00000203805,PLPP4,1.3981339397148078,1.4685723893452094,1.4333531645300086,-0.03521922481520079,B (shared)
ENSG00000206538,VGLL3,1.8696790796076668,0.9341749918218891,1.401927035714778,0.4677520438928888,B (shared)
ENSG00000211455,STK38L,1.9728616590438026,0.6945623384896411,1.3337119987667219,0.6391496602770808,B (shared)
ENSG00000213047,DENND1B,1.148217905040612,-0.20658070539497775,0.47081859982281715,0.6773993052177949,Delta (pHSC-specific residual)
ENSG00000213949,ITGA1,2.7144688738829865,0.1363815425210415,1.425425208202014,1.2890436656809725,B (shared)
ENSG00000214595,EML6,1.2142079307054527,-0.7399041752424202,0.23715187773151625,0.9770560529739365,Delta (pHSC-specific residual)
ENSG00000218336,TENM3,1.8355671034518943,0.5908833596866829,1.2132252315692886,0.6223418718826057,B (shared)
ENSG00000221866,PLXNA4,1.223900202371004,0.08963001606545551,0.6567651092182297,0.5671350931527742,B (shared)
ENSG00000222022,ENSG00000222022,4.398358004651863,1.0202591784891224,2.7093085915704926,1.6890494130813702,B (shared)
ENSG00000222032,ENSG00000222032,4.818339406968701,1.0429819993323997,2.9306607031505507,1.8876787038181508,B (shared)
ENSG00000222041,CYTOR,1.9566097119717734,1.189962005467387,1.5732858587195802,0.3833238532521932,B (shared)
ENSG00000224020,MIR181A2HG,1.5236713301191704,1.6557050275904532,1.5896881788548118,-0.0660168487356414,B (shared)
ENSG00000227925,LINC01655,1.128286985902146,0.08606792573678225,0.6071774558194641,0.5211095300826819,B (shared)
ENSG00000229647,MYOSLID,2.821702200371792,1.0701052322751763,1.9459037163234842,0.875798484048308,B (shared)
ENSG00000229656,ITGB1-DT,1.0728375040361993,0.06262607226529804,0.5677317881507487,0.5051057158854506,B (shared)
ENSG00000230630,DNM3OS,1.172746795893607,1.4589589017636517,1.3158528488286294,-0.14310605293502232,B (shared)
ENSG00000231290,APCDD1L-DT,2.049209983656738,1.0968755566439499,1.573042770150344,0.4761672135063941,B (shared)
ENSG00000231298,MANCR,1.6676110788571639,-0.2813509691099185,0.6931300548736227,0.9744810239835412,Delta (pHSC-specific residual)
ENSG00000231672,DIRC3,1.24272937284337,-0.35292073436426064,0.44490431923955465,0.7978250536038153,Delta (pHSC-specific residual)
ENSG00000232536,ENSG00000232536,1.0027357243263348,0.9111403114193066,0.9569380178728207,0.04579770645351411,B (shared)
ENSG00000232679,LINC01705,1.2777056227995938,0.9293181325005235,1.1035118776500585,0.17419374514953512,B (shared)
ENSG00000233098,CCDC144NL-AS1,1.7500718763705487,-0.18134093967770148,0.7843654683464236,0.9657064080241251,Delta (pHSC-specific residual)
ENSG00000235162,C12orf75,1.1109861141924169,-0.38106495246065375,0.36496058086588157,0.7460255333265353,Delta (pHSC-specific residual)
ENSG00000236977,ANKRD44-IT1,1.0787597083966003,0.14358311265915602,0.6111714105278782,0.46758829786872214,B (shared)
ENSG00000237232,ZNF295-AS1,1.3505862670602782,0.5186481712097359,0.9346172191350071,0.4159690479252711,B (shared)
ENSG00000237870,ENSG00000237870,1.5905665255567163,-0.11704187339596572,0.7367623260803753,0.853804199476341,Delta (pHSC-specific residual)
ENSG00000238042,LINC02257,1.061030559527771,0.2665734072712183,0.6638019833994946,0.39722857612827633,B (shared)
ENSG00000242094,FOXP1-IT1,1.2425921634014934,1.8429819211468828,1.542787042274188,-0.3001948788726947,B (shared)
ENSG00000242242,NECTIN3-AS1,1.4796003532129745,0.41196266860843256,0.9457815109107035,0.533818842302271,B (shared)
ENSG00000249669,CARMN,1.2833625629597973,2.5039289364385677,1.8936457496991825,-0.6102831867393852,B (shared)
ENSG00000250280,ENSG00000250280,1.3430650142401404,-0.1797816638927685,0.5816416751736859,0.7614233390664544,Delta (pHSC-specific residual)
ENSG00000250320,EDIL3-DT,2.4039793075688056,-0.5011860358073181,0.9513966358807437,1.4525826716880619,Delta (pHSC-specific residual)
ENSG00000250899,ENSG00000250899,1.5753029329860664,0.06730548279045845,0.8213042078882624,0.753998725097804,B (shared)
ENSG00000253161,LINC01605,1.6457068037630014,0.15884547567054996,0.9022761397167757,0.7434306640462257,B (shared)
ENSG00000253250,C8orf88,1.3285272040253502,-0.5426687751681292,0.3929292144286105,0.9355979895967397,Delta (pHSC-specific residual)
ENSG00000254141,ENSG00000254141,1.0041737545535114,0.15186127369724844,0.5780175141253799,0.4261562404281315,B (shared)
ENSG00000257337,ENSG00000257337,1.3176014447504605,-0.3154354049808141,0.5010830198848232,0.8165184248656373,Delta (pHSC-specific residual)
ENSG00000258602,LINC01629,1.8759086260192415,0.45756696313983736,1.1667377945795394,0.709170831439702,B (shared)
ENSG00000259207,ITGB3,2.8641777319150283,0.20298603725116227,1.5335818845830953,1.330595847331933,B (shared)
ENSG00000259426,KIF23-AS1,1.8863488802324935,-0.04588463654391095,0.9202321218442913,0.9661167583882022,Delta (pHSC-specific residual)
ENSG00000259518,LINC01583,2.290633075867096,1.2408108608336557,1.7657219683503758,0.5249111075167201,B (shared)
ENSG00000260428,SCX,1.995825910918966,-0.3173662466180618,0.8392298321504521,1.156596078768514,Delta (pHSC-specific residual)
ENSG00000260604,ENSG00000260604,1.5474042527433065,0.8221083730094625,1.1847563128763845,0.362647939866922,B (shared)
ENSG00000267060,PTGES3L,1.0272272895396795,0.10643527162180266,0.5668312805807411,0.4603960089589384,B (shared)
ENSG00000268941,LINC01711,1.2544960341796276,0.7538185931151817,1.0041573136474047,0.25033872053222295,B (shared)
ENSG00000270562,ENSG00000270562,1.4295431654395654,1.9050839886823678,1.6673135770609666,-0.23777041162140122,B (shared)
ENSG00000274578,ENSG00000274578,1.0995495174845114,0.8084563799192332,0.9540029487018723,0.14554656878263905,B (shared)
ENSG00000275993,SIK1B,2.313879339384022,0.6838594453649828,1.4988693923745022,0.8150099470095196,B (shared)
ENSG00000276107,THBS1-IT1,1.5312240832583384,2.32828235849047,1.9297532208744042,-0.3985291376160658,B (shared)
ENSG00000281207,SLFNL1-AS1,2.3482584459577085,0.3441371533997608,1.3461977996787347,1.0020606462789738,B (shared)
ENSG00000282057,ENSG00000282057,2.564726138169752,0.6598217689302484,1.6122739535500001,0.9524521846197518,B (shared)
ENSG00000283154,IQCJ-SCHIP1,1.5534394923726176,0.23114960164566956,0.8922945470091436,0.661144945363474,B (shared)
ENSG00000285517,ENSG00000285517,1.104402200695651,0.18545673595451362,0.6449294683250824,0.45947273237056874,B (shared)
ENSG00000287872,ENSG00000287872,1.2250047385246468,1.3161937927761422,1.2705992656503944,-0.04559452712574774,B (shared)
