,CORE,pHSC_specific,diff,CORE_adj,pHSC_adj,diff_adj,group
BA1_1,0.30976033,0.09997844,0.20978189,-0.022689797466301828,-0.03339387443554972,0.01070407696924789,BA1
BA1_2,0.31841087,0.11478481,0.20362607,0.09776546933139103,0.03254816183691101,0.06521730749448001,BA1
BA1_4,0.3333157,0.0862869,0.2470288,0.10436499687629047,0.01613576654748926,0.08822923032880121,BA1
BA2_1,0.6303838,0.2798006,0.3505832,0.1265227101785132,0.03122285062850865,0.09529985955000453,BA2
BA2_2,0.7191044,0.36734766,0.35175675,0.11681605253709501,0.10894499037254356,0.007871062164551454,BA2
BA2_3,0.72050226,0.29889643,0.42160583,0.21800850365595972,0.07906190583145879,0.13894659782450092,BA2
BA2_4,0.7118503,0.36849475,0.34335554,0.1405747215617676,0.07660454430339599,0.0639701772583716,BA2
NL_1,0.18564947,0.10803484,0.07761463,0.06059503603116544,0.019354964446663278,0.041240071584502165,NL
NL_2,0.016880622,-0.017409358,0.03428998,0.06175643234296718,-0.014960562894222703,0.07671699523718989,NL
NL_3,0.3155222,0.100280784,0.2152414,0.11803748999682502,0.036240145436979995,0.08179734455984503,NL
NL_4,0.20456406,0.10260859,0.10195547,0.08047454648842488,0.012291639111210874,0.068182907377214,NL
NonBA_1,0.32107055,0.07198688,0.24908367,0.05379953534193466,0.043932577592213626,0.009866957749721031,NonBA
NonBA_2,0.42219532,0.073952764,0.34824255,0.13917554786030786,0.018508616572828047,0.12066693128747982,NonBA
NonBA_3,0.35225716,0.07130999,0.28094718,0.12970547853109735,0.03188998196129212,0.09781549656980523,NonBA
NonBA_4,0.46231607,0.1361884,0.32612765,0.1639466262579683,0.031192011289704842,0.13275461496826346,NonBA
