cohort,gene_set,rho,P
GSE162694 (n=143),cross-system CORE (94),0.15563007628106032,0.0634454340969811
GSE162694 (n=143),pHSC-specific (146),-0.008617881058239818,0.918635797652059
GSE162694 (n=143),B-dominant (shared),0.07793173179697557,0.35488435965709064
GSE162694 (n=143),Delta-dominant (residual),0.0023469602679488852,0.9778062893481742
GSE162694 (n=143),paired: CORE − pHSC-specific,0.4390146226866876,4.1385670665593604e-08
GSE162694 (n=143),paired: B-dominant − Delta-dominant,0.3775901355995979,3.3359366302107073e-06
GSE135251 (n=216),cross-system CORE (94),0.38101237394232795,7.165834331281327e-09
GSE135251 (n=216),pHSC-specific (146),0.28557642954635115,2.0275538018052152e-05
GSE135251 (n=216),B-dominant (shared),0.33873895577526,3.37592576505249e-07
GSE135251 (n=216),Delta-dominant (residual),0.2706425859615958,5.577565808264916e-05
GSE135251 (n=216),paired: CORE − pHSC-specific,0.26132391648802894,0.00010185898278081071
GSE135251 (n=216),paired: B-dominant − Delta-dominant,0.16399953192048272,0.01583643572607703
