ctx,evid_coupled,evid_coupled_sign,evid_split,evid_split_sign,true_gain
0,0.5460199101836664,1.0,-0.1116986779829284,0.0,-0.10448279838131
0,0.5475694199992128,1.0,-0.12004891219344302,0.0,-0.10425826308904461
0,0.6050435584802009,1.0,-0.09103044301197165,0.0,-0.10452656839194752
0,0.6063943832327608,1.0,-0.09510655886661996,0.0,-0.10059744355364619
0,0.5347756528669616,1.0,-0.11100766221864018,0.0,-0.09986331541194948
0,0.6615334066620755,1.0,-0.06451139466330284,0.0,-0.11410870717095918
0,0.5581334671636691,1.0,-0.09515827214364683,0.0,-0.09676254753720581
0,0.6261606222410994,1.0,-0.08169446538971323,0.0,-0.10642676023965632
1,0.5194459931701212,1.0,-0.10568414474719215,0.0,-0.11430977692169118
1,0.5420706655210481,1.0,-0.10367349640319215,0.0,-0.10009441761655212
1,0.5371505050885508,1.0,-0.08773023283189887,0.0,-0.0914128052298214
1,0.5325265180562352,1.0,-0.1037597318965646,0.0,-0.10389759169492373
1,0.5365289277486938,1.0,-0.1215385259708182,0.0,-0.12030006203898985
1,0.5017648737045477,1.0,-0.10639500168069764,0.0,-0.1060714425623777
1,0.5561231469730112,1.0,-0.09410682711977125,0.0,-0.10523428209377102
1,0.4676630658185202,1.0,-0.12290051852891848,0.0,-0.10022545931811566
2,0.6761643491549456,1.0,-0.07499678689557146,0.0,-0.0882454304912087
2,0.6191707075760214,1.0,-0.08438497632391206,0.0,-0.07417419119367274
2,0.5885579739037687,1.0,-0.09545099718337997,0.0,-0.078680304425584
2,0.6778916527644114,1.0,-0.04011458955648667,0.0,-0.07701326627004487
2,0.6021987358041981,1.0,-0.0981099631790101,0.2,-0.0839852170291567
2,0.6060198006010055,1.0,-0.09071118481088311,0.0,-0.08934424849246317
2,0.6549121591536937,1.0,-0.06011695404358271,0.0,-0.09021012551451363
2,0.5866028290680514,1.0,-0.09635680455493831,0.0,-0.07352669648398331
3,0.4753373485099635,1.0,-0.07606127366970285,0.0,-0.05870396746253058
3,0.5078158705078827,1.0,-0.06957324735067204,0.0,-0.06117536228025655
3,0.5192649265032372,1.0,-0.08768691056866425,0.0,-0.06163986133189264
3,0.575560752027765,1.0,-0.056274482003330795,0.2,-0.06108358594772069
3,0.49281208584783565,1.0,-0.08971456470595357,0.0,-0.057250894331422636
3,0.4961351780668054,1.0,-0.07927368574092361,0.0,-0.06352052814946708
3,0.5677238941738348,1.0,-0.058737394803964935,0.0,-0.06170122559483755
3,0.5483828071951355,1.0,-0.06042849279062833,0.2,-0.05184859869713837
4,0.5225933352929536,1.0,-0.06472800024223614,0.2,-0.07415267850272778
4,0.5300402499559329,1.0,-0.06523478874212277,0.0,-0.05849624062169084
4,0.5062409617325475,1.0,-0.07185999005140734,0.2,-0.07091895981428939
4,0.5742502844064937,1.0,-0.05716223940608415,0.0,-0.05785400190436624
4,0.5044715187688095,1.0,-0.0829400951304046,0.0,-0.05459191307717898
4,0.5157426770565896,1.0,-0.08775256349904266,0.0,-0.07374728121644691
4,0.6102634484393942,1.0,-0.06703386981149544,0.0,-0.08180306812565205
4,0.5388469807619559,1.0,-0.08224562637295618,0.0,-0.07290033476148078
5,0.45613025035068705,1.0,-0.07140031486204941,0.0,-0.058365158712574805
5,0.5249198741038784,1.0,-0.06557135586806037,0.0,-0.07054471612610855
5,0.4317439359434953,1.0,-0.05573137558573933,0.0,-0.04698467834901146
5,0.5094011891652948,1.0,-0.05845590932421639,0.0,-0.06232617753522485
5,0.4633334996812387,1.0,-0.042001114329402754,0.2,-0.04106008216318641
5,0.45505689789264014,1.0,-0.06181445359440339,0.0,-0.04740840828843823
5,0.5274126761410326,1.0,-0.05825285726816053,0.0,-0.05640695088497344
5,0.5026666536946364,1.0,-0.033609296892706565,0.2,-0.04696555110494827
6,0.6398042330473348,1.0,-0.08793445197166361,0.0,-0.1214876123252566
6,0.5451564431426141,1.0,-0.11852459898485734,0.0,-0.10809346782206747
6,0.5022306881368396,1.0,-0.11954974260911966,0.0,-0.12925768648427988
6,0.6484592166947172,1.0,-0.08769754314677103,0.0,-0.11215637568063277
6,0.4898580509939124,1.0,-0.1270757608662384,0.0,-0.11506909080226106
6,0.6237759703636666,1.0,-0.10762013118190068,0.0,-0.11858506063214057
6,0.5810214081775721,1.0,-0.11761616691461567,0.0,-0.12920458415711486
6,0.5037140873718227,1.0,-0.12930448574265313,0.0,-0.12021754116948462
7,0.5135329928669222,1.0,-0.08661635556315554,0.0,-0.07765834780006847
7,0.5492661464105383,1.0,-0.07311488825427861,0.0,-0.07283862531066862
7,0.5607388347884401,1.0,-0.0745114749093688,0.0,-0.06956499015062939
7,0.5274174964394847,1.0,-0.07229203681853744,0.0,-0.07651125684337551
7,0.5698369297673793,1.0,-0.08422316805445146,0.0,-0.07910542684329039
7,0.5048075091166218,1.0,-0.0743216869566733,0.0,-0.07014302157880425
7,0.5220090283912006,1.0,-0.08801300293992746,0.0,-0.08032819922486738
7,0.5358902746697531,1.0,-0.10078144548585602,0.0,-0.08050642267807856
8,0.5601778120449568,1.0,-0.0738862031442086,0.0,-0.07224633087502197
8,0.5123825118822298,1.0,-0.07686008278195752,0.0,-0.08445531413258146
8,0.5687458686351936,1.0,-0.06565413302710504,0.0,-0.06806691267895892
8,0.4700384844535484,1.0,-0.09163606690461037,0.0,-0.07469955831056313
8,0.45565973943880345,1.0,-0.10514031005291642,0.0,-0.06679193301097272
8,0.5160836098963937,1.0,-0.06856491760604003,0.0,-0.07973526919765944
8,0.6123408900577962,1.0,-0.06771453757542993,0.0,-0.07264522530436043
8,0.560572852203195,1.0,-0.07744123005062183,0.0,-0.08138364425163097
9,0.5989675760402163,1.0,-0.1079855879806374,0.0,-0.11581804943665447
9,0.581551975275352,1.0,-0.1128030352792837,0.0,-0.11288801847957636
9,0.5897658013844003,1.0,-0.13880494905490767,0.0,-0.12519408217263198
9,0.44156823385896454,1.0,-0.132607862272936,0.0,-0.10316351707570476
9,0.6020405221717515,1.0,-0.11261103809922468,0.0,-0.125024052268487
9,0.53172755667956,1.0,-0.13480855695716643,0.0,-0.10837753923554666
9,0.6203235296946155,1.0,-0.1046538243663894,0.0,-0.12428573537718163
9,0.5787484631565329,1.0,-0.11860706114498976,0.0,-0.12658791795223878
10,0.571421022222976,1.0,-0.10029302109887742,0.0,-0.09015469976826276
10,0.5550692270652795,1.0,-0.11236205384911027,0.0,-0.10338477622316417
10,0.5708824783784368,1.0,-0.10224791929097503,0.0,-0.09776635050537633
10,0.6013744346789022,1.0,-0.09172168004204487,0.0,-0.09573953812080332
10,0.5647399502409883,1.0,-0.09519643324763002,0.0,-0.08889682640981802
10,0.5317530238223925,1.0,-0.09540368242871308,0.0,-0.08646020162798998
10,0.555298758391342,1.0,-0.1024352228977234,0.0,-0.0995589398848828
10,0.5375498307280461,1.0,-0.08854443190398369,0.0,-0.09275735701349871
11,0.4431763817329606,1.0,-0.13420681425506437,0.0,-0.09483959142521523
11,0.5018707242081751,1.0,-0.13531234305789316,0.0,-0.09017356194517308
11,0.5605648623115413,1.0,-0.09937529599532145,0.0,-0.08638459808322832
11,0.62847467544231,1.0,-0.09008840152595363,0.0,-0.120117076156479
11,0.6109129486289574,1.0,-0.06949105981161259,0.0,-0.11032571156247117
11,0.545802521497011,1.0,-0.12004905653379283,0.0,-0.13080798267427785
11,0.573361126750324,1.0,-0.11198142249830748,0.0,-0.10487023554910153
11,0.5224817010843015,1.0,-0.13383495270802176,0.0,-0.10444975453282335
12,0.47049843321305873,1.0,-0.0424603683192829,0.0,-0.031487514206252454
12,0.504575306246771,1.0,-0.04167335397899554,0.0,-0.036899608983496285
12,0.5548198791991853,1.0,-0.07360910664760484,0.0,-0.056525783125728146
12,0.5435852223852993,1.0,-0.03720226931941416,0.0,-0.036749682456584276
12,0.4402899155120597,1.0,-0.06117045572868829,0.0,-0.04066614768034643
12,0.5354608791179174,1.0,-0.04865511098612026,0.0,-0.04197962540399708
12,0.524598799631099,1.0,-0.03773775162218839,0.0,-0.04014656509401865
12,0.533384576239097,1.0,-0.04042112640710254,0.0,-0.035372868560796716
13,0.5636932522922231,1.0,-0.10801674891187582,0.0,-0.11215211401795304
13,0.6047741386683335,1.0,-0.087268486499581,0.0,-0.10484149953110751
13,0.5778593186919683,1.0,-0.093007454360969,0.0,-0.10198794756494681
13,0.5237324881198969,1.0,-0.10603040734880084,0.0,-0.10311810192034018
13,0.5369173956673263,1.0,-0.1064227785937927,0.0,-0.1009808385260588
13,0.5683057153498708,1.0,-0.09395295191147394,0.0,-0.09481745218148316
13,0.5966699134286096,1.0,-0.12592571190321417,0.0,-0.11580715931761261
13,0.6107786422625642,1.0,-0.09076361386376129,0.0,-0.11800901097353116
14,0.5827732206472496,1.0,-0.0735184391899913,0.0,-0.08166471717475565
14,0.5462031554044616,1.0,-0.10238775108889939,0.0,-0.07337399319482338
14,0.5494804993854221,1.0,-0.09037826814645725,0.0,-0.08732658811161108
14,0.5252211282924193,1.0,-0.10232090217377203,0.0,-0.08587561894696455
14,0.5473402881310572,1.0,-0.07480797609591854,0.0,-0.06499146829497648
14,0.5935006755021058,1.0,-0.07783719168418989,0.0,-0.0898820678880506
14,0.5702601842138665,1.0,-0.08611197380231464,0.0,-0.08581355573052375
14,0.5762755258195743,1.0,-0.08853619813344248,0.0,-0.08006651133334142
