context,split,n0,noise_centred,signal,nxn
A549,0,20,28.58247761653307,84.97386308221483,571.6495523306614
A549,0,40,13.41755843368698,83.70746240383505,536.7023373474792
A549,0,80,7.239878718450448,83.83749236333118,579.1902974760358
A549,0,160,3.6829353517997694,84.12986999310033,589.2696562879631
A549,0,320,1.961758417446026,83.60656041059912,627.7626935827284
A549,0,640,1.0914950310108615,83.1479323148521,698.5568198469514
K562,0,20,39.49351526003117,63.86163357041859,789.8703052006233
K562,0,40,19.45995894965749,66.91117308788111,778.3983579862996
K562,0,80,9.839923964898714,64.78837282265108,787.1939171918972
K562,0,160,4.805351301498173,66.10170839232804,768.8562082397077
K562,0,320,2.494018936357881,65.93918932162393,798.0860596345219
K562,0,640,1.208073672859451,67.19032542377157,773.1671506300486
MCF7,0,20,13.893564111392728,59.68902419834728,277.8712822278545
MCF7,0,40,6.989368687668741,60.88978826116743,279.57474750674965
MCF7,0,80,3.672721792645803,60.11399490200414,293.81774341166425
MCF7,0,160,1.9918944273631,60.332136274399296,318.70310837809603
MCF7,0,320,1.019296754782521,60.4219890993783,326.1749615304067
MCF7,0,640,0.5853699415904341,60.30737702705292,374.6367626178778
A549,1,20,28.105336580196823,87.02262655563754,562.1067316039365
A549,1,40,15.821395175683504,83.28624405255621,632.8558070273401
A549,1,80,8.136398693365384,82.55374918589216,650.9118954692308
A549,1,160,3.885916355917982,83.98067058694195,621.7466169468771
A549,1,320,2.0390142974452914,84.04369082196165,652.4845751824932
A549,1,640,0.989375724622864,84.15812751618753,633.200463758633
K562,1,20,39.317690342596514,68.08921076386629,786.3538068519302
K562,1,40,18.736660604083752,67.78334342299577,749.4664241633501
K562,1,80,10.241563734986933,69.05288406941037,819.3250987989546
K562,1,160,5.2316981201958646,67.93221742719423,837.0716992313384
K562,1,320,2.653331315198366,67.21174067892684,849.0660208634772
K562,1,640,1.348356254619672,66.83879732052952,862.94800295659
MCF7,1,20,16.023134812590172,59.30540052841922,320.46269625180344
MCF7,1,40,8.61354995979445,59.40018508452335,344.54199839177795
MCF7,1,80,4.583889386985756,59.1687641066693,366.7111509588605
MCF7,1,160,2.517877004212685,59.98955203125555,402.8603206740296
MCF7,1,320,1.1884349799374976,60.67131478810992,380.2991935799992
MCF7,1,640,0.6050217441252265,61.15933406284677,387.21391624014495
A549,2,20,28.91015700209441,88.96659954521158,578.2031400418882
A549,2,40,15.04707906044493,86.06101970026818,601.8831624177972
A549,2,80,7.579916137044714,85.4831477978331,606.3932909635771
A549,2,160,3.453124727442724,85.69254981007128,552.4999563908359
A549,2,320,2.025427307962598,85.92964001322137,648.1367385480314
A549,2,640,1.1802674014655536,85.89337490870935,755.3711369379544
K562,2,20,38.558040058465245,67.04030863861153,771.1608011693049
K562,2,40,20.34575493928986,63.97675366396429,813.8301975715945
K562,2,80,9.746597579749032,64.61950095120096,779.7278063799226
K562,2,160,5.2947785950815325,65.62515278832262,847.1645752130452
K562,2,320,2.5001567935084483,64.98655660576269,800.0501739227035
K562,2,640,1.3411570410638507,65.63894389655214,858.3405062808645
MCF7,2,20,18.131519444965058,58.25750777158228,362.6303888993011
MCF7,2,40,8.739104649673898,61.02806540053893,349.5641859869559
MCF7,2,80,3.97364040029696,60.77515329942783,317.8912320237568
MCF7,2,160,2.0242341481620247,60.19228664558914,323.87746370592396
MCF7,2,320,1.050676043541685,60.53837238276214,336.21633393333923
MCF7,2,640,0.599595227514564,60.97546591378754,383.74094560932093
