method,shared,independent,infl,rel_%,rs,ri,moved,dataset
scGen,0.699058,0.579247,0.119812,20.684022,8,5,True,Haber
scGen_plus_offset,0.736896,0.553432,0.183464,33.150184,5,8,True,Haber
scGen_plus_calmean,0.746719,0.55889,0.187828,33.607365,3,7,True,Haber
calibration_mean,0.594015,0.387086,0.206929,53.4582,11,13,True,Haber
pooled_B,0.70601,0.70601,0.0,0.0,7,1,True,Haber
trainMean_theirs,0.48991,0.394422,0.095488,24.209711,13,12,True,Haber
B_plus_offset,0.811757,0.624011,0.187746,30.086993,2,3,True,Haber
scPRAM,0.551133,0.465952,0.08518,18.280945,12,10,True,Haber
scPRAM_plus_offset,0.60322,0.464373,0.138847,29.89996,10,11,True,Haber
scPRAM_plus_calmean,0.672203,0.51575,0.156453,30.335118,9,9,False,Haber
trVAE,0.710863,0.585154,0.125709,21.483104,6,4,True,Haber
trVAE_plus_offset,0.820793,0.625255,0.195538,31.273254,1,2,True,Haber
trVAE_plus_calmean,0.745964,0.561108,0.184856,32.944725,4,6,True,Haber
scGen,0.47707,0.44377,0.0333,7.503957,5,3,True,KaggleCrossCell
scGen_plus_offset,0.4528,0.356649,0.096151,26.959681,12,13,True,KaggleCrossCell
scGen_plus_calmean,0.484965,0.393853,0.091112,23.13355,4,8,True,KaggleCrossCell
calibration_mean,0.490209,0.360874,0.129335,35.839476,3,12,True,KaggleCrossCell
pooled_B,0.563233,0.563233,0.0,0.0,1,1,False,KaggleCrossCell
trainMean_theirs,0.471639,0.436675,0.034964,8.006966,8,4,True,KaggleCrossCell
B_plus_offset,0.516793,0.402707,0.114086,28.329752,2,7,True,KaggleCrossCell
scPRAM,0.43753,0.41398,0.02355,5.688761,13,5,True,KaggleCrossCell
scPRAM_plus_offset,0.45326,0.376402,0.076857,20.418945,11,11,False,KaggleCrossCell
scPRAM_plus_calmean,0.461405,0.393502,0.067903,17.256064,10,9,True,KaggleCrossCell
trVAE,0.476442,0.447437,0.029005,6.482531,6,2,True,KaggleCrossCell
trVAE_plus_offset,0.476085,0.381093,0.094992,24.926228,7,10,True,KaggleCrossCell
trVAE_plus_calmean,0.466018,0.408966,0.057052,13.95024,9,6,True,KaggleCrossCell
scGen,0.474622,0.419993,0.054628,13.006991,9,4,True,McFarland
scGen_plus_offset,0.551881,0.404467,0.147414,36.446544,4,7,True,McFarland
scGen_plus_calmean,0.537383,0.411009,0.126374,30.747301,5,5,False,McFarland
calibration_mean,0.445435,0.269372,0.176063,65.360511,11,13,True,McFarland
pooled_B,0.598306,0.598306,0.0,0.0,2,1,True,McFarland
trainMean_theirs,0.393817,0.329658,0.064159,19.462257,13,12,True,McFarland
B_plus_offset,0.663464,0.508045,0.15542,30.591702,1,2,True,McFarland
scPRAM,0.450721,0.403587,0.047134,11.678852,10,8,True,McFarland
scPRAM_plus_offset,0.50493,0.396088,0.108842,27.479194,7,9,True,McFarland
scPRAM_plus_calmean,0.518437,0.406741,0.111695,27.46106,6,6,False,McFarland
trVAE,0.417316,0.361337,0.055979,15.492161,12,11,True,McFarland
trVAE_plus_offset,0.582155,0.450927,0.131229,29.101997,3,3,False,McFarland
trVAE_plus_calmean,0.488733,0.377882,0.110851,29.33471,8,10,True,McFarland
scGen,0.349965,0.341481,0.008484,2.484482,10,9,True,sciplex3
scGen_plus_offset,0.492825,0.462979,0.029847,6.446698,2,3,True,sciplex3
scGen_plus_calmean,0.490515,0.46744,0.023074,4.936351,4,2,True,sciplex3
calibration_mean,0.528235,0.493052,0.035184,7.135905,1,1,False,sciplex3
pooled_B,0.282901,0.282901,0.0,0.0,12,12,False,sciplex3
trainMean_theirs,0.303634,0.295711,0.007923,2.679317,11,11,False,sciplex3
B_plus_offset,0.490578,0.461888,0.028689,6.211292,3,5,True,sciplex3
scPRAM,0.188776,0.178353,0.010423,5.843895,13,13,False,sciplex3
scPRAM_plus_offset,0.361094,0.339945,0.021149,6.221369,8,10,True,sciplex3
scPRAM_plus_calmean,0.374919,0.352083,0.022836,6.486007,7,7,False,sciplex3
trVAE,0.357888,0.346292,0.011596,3.348622,9,8,True,sciplex3
trVAE_plus_offset,0.487896,0.462761,0.025135,5.431612,5,4,True,sciplex3
trVAE_plus_calmean,0.455501,0.434778,0.020723,4.766349,6,6,False,sciplex3
